date,wti_Open,wti_High,wti_Low,wti_Close,brent_Close,dubai_Close,gas_Open,gas_High,gas_Low,gas_Close,ovx_Close,rbob_Close,sp500_Close,xle_Close,ust2_Close,ust10_Close,ust30_Close,tips2_Close,tips10_Close,tips30_Close,twdollar_Close,dxy_Close,eua_Close
2022-08-01,,,,,,95.693,,,,,,,,,,,,,,,,,
2022-08-11,91.55,95.05,91.24,94.34,99.6,,8.222,8.994,8.178,8.874,45.37,3.0715,4207.27,38.94,3.23,2.87,3.15,0.31,0.4,0.9,120.716,105.09,49.3
2022-08-12,94.09,94.81,91.16,92.09,98.15,,8.717,8.919,8.516,8.768,44,3.046,4280.15,39.235,3.25,2.84,3.12,0.3,0.37,0.89,121.018,105.63,49.64
2022-08-15,91.94,92.1,86.82,89.41,95.1,,8.679,8.936,8.403,8.728,46.63,2.9517,4297.14,38.47,3.2,2.79,3.1,0.29,0.35,0.89,121.431,106.55,49.6
2022-08-16,87.93,90.65,85.73,86.53,92.34,,8.809,9.411,8.785,9.329,50.25,2.9007,4305.2,38.38,3.25,2.82,3.11,0.34,0.38,0.89,121.681,106.5,50.11
2022-08-17,87.1,89.16,85.88,88.11,93.65,,9.362,9.677,9.121,9.244,51.55,2.9345,4274.04,38.7,3.28,2.89,3.15,0.39,0.43,0.92,122.071,106.57,51.6
2022-08-18,87.39,91.46,87.32,90.5,96.59,,9.166,9.663,8.913,9.188,47.41,3.0261,4283.74,39.74,3.22,2.88,3.14,0.32,0.36,0.86,122.363,107.48,51.56
2022-08-19,90.39,92.09,88.38,90.77,96.72,,9.201,9.395,8.87,9.336,50.34,3.0175,4228.48,39.73,3.25,2.98,3.22,0.39,0.43,0.87,123.05,108.17,51.65
2022-08-22,89.65,91.26,86.6,90.23,96.48,,9.174,9.982,9.158,9.68,50.64,2.8912,4137.99,39.655,3.32,3.03,3.24,0.43,0.46,0.88,123.605,109.05,49.26
2022-08-23,90.55,94.22,90.42,93.74,100.22,,9.817,10.028,9.05,9.193,47.35,2.933,4128.73,41.085,3.29,3.05,3.26,0.41,0.47,0.89,123.055,108.62,48.45
2022-08-24,93.78,95.4,92.79,94.89,101.22,,9.25,9.455,9.1,9.33,48.33,2.8007,4140.77,41.59,3.36,3.11,3.32,0.41,0.49,0.92,123.109,108.68,47.45
2022-08-25,95.35,95.76,92.29,92.52,99.34,,9.239,9.419,9.175,9.375,48.78,2.8121,4199.12,41.91,3.35,3.03,3.25,0.38,0.43,0.87,123.059,108.47,46.86
2022-08-26,93.06,94.02,91.08,93.06,100.99,,9.372,9.668,9.186,9.296,47.08,2.8513,4057.66,41.42,3.37,3.04,3.21,0.47,0.47,0.85,123.066,108.8,47.3
2022-08-29,92.96,97.37,92.29,97.01,105.09,,9.67,9.682,9.034,9.353,47.73,2.8776,4030.61,42.045,3.42,3.12,3.25,0.56,0.54,0.9,123.469,108.84,45.83
2022-08-30,96.9,97.66,90.54,91.64,99.31,,9.262,9.3,8.865,9.042,49.74,2.6944,3986.16,40.62,3.46,3.11,3.23,0.6,0.56,0.87,123.685,108.77,43.89
2022-08-31,92.31,92.73,88.27,89.55,96.49,,9.082,9.284,8.814,9.127,52.11,2.6059,3955,40.25,3.45,3.15,3.27,0.72,0.67,0.96,123.535,108.7,43.77
2022-09-01,88.83,89.63,85.98,86.61,92.36,89.7427,9.133,9.394,9.01,9.262,53.9,2.3853,3966.85,39.26,3.51,3.26,3.37,0.87,0.81,1.07,124.401,109.69,43.51
2022-09-02,86.56,89.66,86.35,86.87,93.02,,9.19,9.24,8.619,8.786,53.9,2.4636,3924.26,39.98,3.4,3.2,3.35,0.75,0.73,1.01,123.774,109.53,42.83
2022-09-06,86.84,90.39,86.18,86.88,92.83,,9.028,9.126,7.823,8.145,50,2.4159,3908.19,39.61,3.5,3.33,3.49,0.87,0.85,1.11,124.767,110.21,39.74
2022-09-07,86.93,87.76,81.5,81.94,88,,8.039,8.299,7.751,7.842,53.32,2.3077,3979.87,39.15,3.45,3.27,3.42,0.86,0.82,1.07,124.841,109.84,39.69
2022-09-08,81.91,84.25,81.2,83.54,89.15,,7.841,8.064,7.772,7.915,51.29,2.3461,4006.18,39.32,3.48,3.29,3.45,0.93,0.88,1.11,124.578,109.71,38.6
2022-09-09,82.8,87.2,82.71,86.79,92.84,,7.975,8.205,7.888,7.996,48.84,2.4331,4067.36,40.3,3.56,3.33,3.47,0.94,0.91,1.14,123.787,109,38.58
2022-09-12,86.25,89.1,85.16,87.78,94,,8.026,8.406,7.855,8.249,44.15,2.4448,4110.41,41.04,3.58,3.37,3.53,0.95,0.95,1.21,123.333,108.33,41.1
2022-09-13,88.09,89.31,85.06,87.31,93.17,,8.381,8.456,8.155,8.284,44.81,2.4804,3932.69,40.005,3.75,3.42,3.51,1.02,0.98,1.19,124.424,109.82,39.64
2022-09-14,87.94,90.19,86.18,88.48,94.1,,8.391,9.238,8.325,9.114,45.62,2.5245,3946.01,41.135,3.78,3.41,3.47,0.98,0.95,1.15,124.451,109.66,40.64
2022-09-15,88.91,89.15,84.53,85.1,90.84,,9.073,9.117,8.204,8.324,46.63,2.4287,3901.35,40.075,3.87,3.45,3.48,1.09,1.02,1.18,124.884,109.74,40.78
2022-09-16,85.16,86.59,84.27,85.11,91.35,,8.298,8.319,7.717,7.764,47.44,2.4157,3873.33,39.22,3.85,3.45,3.52,1.13,1.07,1.25,124.879,109.76,41.04
2022-09-19,85.21,86.22,82.1,85.73,92,,7.737,7.923,7.404,7.752,46.75,2.4641,3899.89,38.82,3.95,3.49,3.52,1.25,1.15,1.28,125.01,109.74,39.85
2022-09-20,85.61,86.45,83.52,84.45,90.62,,7.864,7.985,7.647,7.717,48.23,2.4478,3855.93,38.55,3.96,3.57,3.59,1.27,1.17,1.3,125.125,110.22,39.74
2022-09-21,84.25,86.68,82.49,82.94,89.83,,7.735,8.123,7.56,7.779,48.65,2.4865,3789.93,37.985,4.02,3.51,3.5,1.27,1.13,1.24,125.74,110.64,38.64
2022-09-22,83.07,86,82.4,83.49,90.46,,7.731,7.776,7.061,7.089,47.1,2.5157,3757.99,37.85,4.11,3.7,3.65,1.46,1.29,1.38,126.167,111.35,38.84
2022-09-23,83.54,83.92,78.04,78.74,86.15,,7.182,7.282,6.737,6.828,50.82,2.383,3693.23,35.24,4.2,3.69,3.61,1.58,1.32,1.38,127.285,113.19,36.5
2022-09-26,79.23,80.31,76.25,76.71,84.06,,6.844,6.97,6.526,6.903,56.68,2.3842,3655.04,34.375,4.27,3.88,3.72,1.82,1.56,1.52,128.454,114.1,37.34
2022-09-27,76.47,79.51,76.42,78.5,86.27,,6.936,7.12,6.617,6.651,55.89,2.4931,3647.29,34.76,4.3,3.97,3.87,1.86,1.64,1.66,128.439,114.11,36.84
2022-09-28,78.08,82.34,76.55,82.15,89.32,,6.666,6.901,6.456,6.868,55.02,2.5779,3719.04,36.3,4.07,3.72,3.7,1.55,1.39,1.5,128.088,112.6,36.47
2022-09-29,81.9,82.94,80.34,81.23,88.49,,7.029,7.139,6.599,6.874,54.41,2.5076,3640.47,36.3,4.16,3.76,3.71,1.8,1.57,1.64,127.544,112.25,36.86
2022-09-30,81.74,82.56,79.14,79.49,87.96,,6.895,7.044,6.705,6.766,55.69,2.4726,3585.62,36.01,4.22,3.83,3.79,1.92,1.68,1.74,127.515,112.12,37.2
2022-10-01,,,,,,91.2148,,,,,,,,,,,,,,,,,
2022-10-03,81.02,84.56,80.87,83.63,88.86,,6.8,6.829,6.305,6.47,56.24,2.5129,3678.43,38.045,4.12,3.67,3.73,1.64,1.43,1.58,127.081,111.75,37.66
2022-10-04,83.22,86.98,83.22,86.52,91.8,,6.526,6.886,6.31,6.837,59.51,2.683,3790.93,39.68,4.1,3.62,3.7,1.56,1.38,1.58,126.182,110.07,38.19
2022-10-05,86.37,88.42,85.42,87.76,93.37,,6.83,7.022,6.627,6.93,54.2,2.6685,3783.28,40.5,4.15,3.76,3.78,1.7,1.54,1.68,126.862,111.07,37.85
2022-10-06,88.08,89.07,87.04,88.45,94.42,,6.921,7.188,6.856,6.972,53.39,2.6814,3744.52,41.22,4.23,3.83,3.81,1.76,1.61,1.73,127.249,112.26,38.56
2022-10-07,88.93,93.31,88,92.64,97.92,,6.856,6.926,6.6,6.748,53.64,2.7346,3639.66,40.9,4.3,3.89,3.86,1.78,1.62,1.73,127.311,112.8,38.44
2022-10-10,93.48,93.64,90.54,91.13,96.19,,6.647,6.901,6.411,6.435,51.42,2.6228,3612.39,40.06,,,,,,,,113.14,37.7
2022-10-11,91.14,91.35,87.91,89.35,94.29,,6.512,6.671,6.362,6.596,51.92,2.6273,3588.84,39.74,4.3,3.93,3.92,1.78,1.62,1.73,127.664,113.22,37.61
2022-10-12,88.67,90.07,86.28,87.27,92.45,,6.601,6.803,6.399,6.435,51.52,2.6303,3577.03,40.06,4.28,3.91,3.9,1.8,1.62,1.71,128.148,113.32,37.69
2022-10-13,87.08,89.66,85.56,89.11,94.57,,6.439,6.777,6.337,6.741,50.52,2.7034,3669.91,41.695,4.47,3.97,3.97,1.83,1.63,1.72,127.729,112.36,38.85
2022-10-14,89.27,89.73,85.2,85.61,91.63,,6.684,6.742,6.409,6.453,50.3,2.6309,3583.07,40.14,4.48,4,3.99,1.81,1.59,1.66,128.333,113.31,38.13
2022-10-17,85.59,87.12,84.61,85.46,91.62,,6.263,6.314,5.912,5.999,50.27,2.5931,3677.95,40.64,4.45,4.02,4.04,1.76,1.57,1.65,127.645,112.04,38.18
2022-10-18,85.7,86.51,82.09,82.82,90.03,,5.978,6.095,5.673,5.745,49.12,2.5506,3719.98,40.995,4.43,4.01,4.04,1.79,1.6,1.71,127.915,112.13,38.35
2022-10-19,83.69,86.2,82.59,85.55,92.41,,5.686,5.784,5.427,5.462,47.78,2.6522,3695.16,42.205,4.55,4.14,4.15,1.89,1.72,1.79,128.397,112.98,37.64
2022-10-20,85.94,88.17,85.22,85.98,92.38,,5.456,5.565,5.253,5.358,47.98,2.6478,3665.78,42.245,4.62,4.24,4.24,1.8,1.73,1.77,128.005,112.88,37.48
2022-10-21,85.07,85.9,83.15,85.05,93.5,,5.322,5.375,4.903,4.959,47.19,2.662,3752.75,43.465,4.49,4.21,4.33,1.65,1.69,1.82,127.674,112.01,38.71
2022-10-24,85.24,85.92,82.63,84.58,93.26,,4.97,5.259,4.75,5.199,47.78,2.7302,3797.34,43.67,4.5,4.25,4.4,1.64,1.66,1.78,128.03,111.99,39.95
2022-10-25,84.88,86.03,83.06,85.32,93.52,,5.187,5.74,5.119,5.613,47.3,2.916,3859.11,43.715,4.42,4.1,4.26,1.63,1.59,1.74,127.377,110.95,41.8
2022-10-26,85.07,88.41,84.14,87.91,95.69,,5.729,5.748,5.347,5.606,48.58,2.8994,3830.6,44.31,4.39,4.04,4.19,1.64,1.6,1.75,126.472,109.7,41.82
2022-10-27,88.26,89.79,87.33,89.08,96.96,,5.703,5.703,4.948,5.186,49.02,3.0116,3807.3,44.47,4.3,3.96,4.12,1.52,1.51,1.67,126.703,110.59,43.39
2022-10-28,88.67,88.76,87.08,87.9,95.77,,5.848,5.89,5.547,5.684,47.81,2.9066,3901.06,44.625,4.41,4.02,4.15,1.57,1.51,1.65,127.213,110.67,43.92
2022-10-31,88.39,88.65,85.3,86.53,94.83,,5.832,6.4,5.823,6.355,47.41,2.8107,3871.98,45,4.51,4.1,4.22,1.6,1.58,1.69,127.622,111.53,43.39
2022-11-01,86.43,89.45,85.92,88.37,94.65,84.5991,6.27,6.309,5.614,5.714,47.04,2.5945,3856.1,45.435,4.54,4.07,4.14,1.62,1.56,1.64,127.399,111.48,42.2
2022-11-02,88.62,90.36,87.72,90,96.16,,5.829,6.303,5.787,6.268,47.75,2.6972,3759.69,44.34,4.61,4.1,4.15,1.62,1.57,1.63,127.311,111.35,41.61
2022-11-03,89.35,89.67,87.6,88.17,94.67,,6.202,6.218,5.874,5.975,46.47,2.6939,3719.89,45.16,4.71,4.14,4.18,1.82,1.74,1.76,128.174,112.93,41.13
2022-11-04,87.9,92.87,87.82,92.61,98.57,,5.935,6.51,5.893,6.4,47.5,2.7348,3770.55,45.71,4.66,4.17,4.27,1.72,1.69,1.77,127.147,110.88,41.85
2022-11-07,91,93.74,90.4,91.79,97.92,,6.98,7.221,6.566,6.944,45.11,2.6531,3806.8,46.495,4.72,4.22,4.34,1.72,1.69,1.77,126.306,110.12,42.36
2022-11-08,91.87,92.17,88.52,88.91,95.36,,6.687,6.823,6.062,6.138,45.04,2.6367,3828.11,46.54,4.67,4.14,4.28,1.7,1.64,1.74,125.633,109.62,41.89
2022-11-09,88.57,89.24,85.5,85.83,92.65,,6.19,6.35,5.715,5.865,45.38,2.5446,3748.57,44.265,4.61,4.12,4.31,1.74,1.7,1.8,125.986,110.55,40.52
2022-11-10,85.85,87.35,84.7,86.47,93.67,,5.95,6.262,5.764,6.239,43.48,2.5663,3956.37,45.25,4.34,3.82,4.03,1.48,1.43,1.58,124.704,108.21,41.22
2022-11-11,86.27,90.1,86.18,88.96,95.99,,6.165,6.505,5.775,5.879,42.06,2.6096,3992.93,46.565,,,,,,,,106.29,42.57
2022-11-14,89.02,89.84,85.15,85.87,93.14,,6.119,6.416,5.89,5.933,44.42,2.5285,3957.25,46.55,4.4,3.88,4.07,1.58,1.51,1.65,123.428,106.66,42.14
2022-11-15,85.25,88.68,84.06,86.92,93.86,,6.065,6.203,5.841,6.034,46.72,2.5161,3991.73,47.04,4.37,3.8,3.98,1.53,1.45,1.57,123.039,106.4,42.79
2022-11-16,86.89,87.51,84.2,85.59,92.86,,6.138,6.25,5.727,6.2,45.12,2.508,3958.79,46.08,4.35,3.67,3.85,1.48,1.38,1.51,123.282,106.28,41.78
2022-11-17,85.22,85.45,81.4,81.64,89.78,,6.205,6.547,6.162,6.369,45.34,2.4547,3946.56,46.18,4.43,3.77,3.89,1.61,1.49,1.57,123.977,106.69,41.25
2022-11-18,82.09,82.64,77.24,80.08,87.62,,6.383,6.475,6.045,6.303,45.93,2.4208,3965.34,45.815,4.51,3.82,3.92,1.71,1.57,1.63,123.852,106.93,41.01
2022-11-21,80.3,80.3,75.08,79.73,87.45,,6.333,6.837,6.145,6.776,47.11,2.4371,3949.94,45.195,4.48,3.83,3.91,1.63,1.52,1.57,124.701,107.84,41.41
2022-11-22,80.22,82.36,79.85,80.95,88.36,,6.703,6.976,6.457,6.779,46.3,2.5405,4003.58,46.61,4.47,3.76,3.83,1.58,1.44,1.51,124.237,107.22,41.4
2022-11-23,81.08,81.95,76.83,77.94,85.41,,6.9,7.604,6.887,7.308,51.56,2.4744,4027.26,46.105,4.46,3.71,3.74,1.55,1.39,1.43,123.757,106.08,42.2
2022-11-25,77.51,79.9,76.22,76.28,83.63,,7.332,7.4,6.8,7.024,50.16,2.3282,4026.12,45.935,4.42,3.68,3.74,1.51,1.36,1.42,123.339,105.96,43.27
2022-11-28,75.93,77.84,73.6,77.24,83.19,,6.87,6.98,6.5,6.712,50.53,2.3306,3963.94,44.675,4.46,3.69,3.74,1.59,1.43,1.47,123.603,106.68,42.38
2022-11-29,76.54,79.65,76.29,78.2,83.03,,7.319,7.421,7.092,7.235,47.91,2.3321,3957.63,45.35,4.48,3.75,3.81,1.62,1.5,1.54,123.662,106.82,43.44
2022-11-30,79,81.38,78.4,80.55,85.43,,7.264,7.305,6.806,6.93,46.15,2.4185,4080.11,45.575,4.38,3.68,3.8,1.41,1.34,1.46,123.517,105.95,45.28
2022-12-01,80.4,83.34,79.93,81.22,86.88,76.8559,6.966,7.213,6.708,6.738,45.61,2.342,4076.57,45.425,4.25,3.53,3.64,1.23,1.17,1.29,122.004,104.73,45.86
2022-12-02,81.47,82.22,79.65,79.98,85.57,,6.829,6.839,6.221,6.281,45.76,2.2804,4071.7,45.155,4.28,3.51,3.56,1.16,1.08,1.15,122.01,104.55,46.96
2022-12-05,79.99,82.72,76.77,76.93,82.68,,5.9,6.052,5.556,5.577,45.41,2.2019,3998.84,43.815,4.41,3.6,3.62,1.34,1.21,1.23,122.638,105.29,46.52
2022-12-06,77.35,77.88,73.41,74.25,79.35,,5.642,5.674,5.337,5.469,46.36,2.1491,3941.26,42.66,4.34,3.51,3.52,1.35,1.2,1.21,123.019,105.58,46.79
2022-12-07,74.55,75.38,71.75,72.01,77.17,,5.388,5.85,5.383,5.723,47.91,2.0772,3933.92,42.56,4.26,3.42,3.42,1.29,1.16,1.16,122.761,105.1,46.88
2022-12-08,72.38,75.44,71.12,71.46,76.15,,5.814,6.164,5.77,5.962,47.17,2.0491,3963.51,42.37,4.31,3.48,3.44,1.35,1.2,1.15,122.415,104.77,47.15
2022-12-09,71.85,72.92,70.08,71.02,76.1,,5.93,6.391,5.794,6.245,46.93,2.0561,3934.38,41.34,4.33,3.57,3.56,1.45,1.31,1.28,122.42,104.81,46.87
2022-12-12,71.79,73.99,70.25,73.17,77.99,,6.95,7.058,6.487,6.587,44.99,2.081,3990.56,42.425,4.39,3.61,3.57,1.45,1.33,1.29,122.771,105.13,47.74
2022-12-13,73.29,76.37,73.21,75.39,80.68,,6.534,7.105,6.499,6.935,43.37,2.1609,4019.65,43.23,4.22,3.51,3.53,1.35,1.27,1.3,121.849,103.98,47.76
2022-12-14,75.27,77.75,74.9,77.28,82.7,,6.951,6.961,6.337,6.43,41.82,2.2444,3995.32,42.965,4.23,3.49,3.52,1.39,1.3,1.35,121.823,103.77,46.89
2022-12-15,77.37,77.77,75.33,76.11,81.21,,6.371,7.036,6.358,6.97,43.7,2.1668,3895.75,42.705,4.23,3.44,3.48,1.41,1.28,1.33,122.552,104.56,46.49
2022-12-16,76.37,76.57,73.33,74.29,79.04,,6.888,6.888,6.219,6.6,42.29,2.1323,3852.36,42.18,4.17,3.48,3.53,1.47,1.35,1.4,122.65,104.7,45.93
2022-12-19,74.5,76.41,73.81,75.19,79.8,,6.154,6.275,5.765,5.851,42.47,2.1776,3817.66,41.745,4.25,3.57,3.62,1.51,1.42,1.47,122.528,104.72,45.92
2022-12-20,75.7,76.75,74.31,76.09,79.99,,5.832,5.906,5.256,5.326,41.79,2.2228,3821.62,42.375,4.25,3.69,3.74,1.53,1.45,1.5,122.136,103.97,46.8
2022-12-21,75.99,78.61,75.8,78.29,82.2,,5.389,5.609,5.265,5.332,41.18,2.2558,3878.44,43.18,4.21,3.68,3.74,1.47,1.41,1.48,122.283,104.16,46.36
2022-12-22,78.43,79.9,77.03,77.49,80.98,,5.465,5.653,4.975,4.999,41.8,2.2488,3822.39,42.185,4.24,3.67,3.73,1.55,1.48,1.53,122.242,104.43,46.88
2022-12-23,78.18,80.33,77.98,79.56,83.92,,5.093,5.245,4.825,5.079,41.21,2.3836,3844.82,43.53,4.31,3.75,3.82,1.57,1.55,1.6,121.974,104.31,46.99
2022-12-27,79.9,81.18,79.16,79.53,84.33,,5.283,5.367,5.081,5.282,43.5,2.3602,3829.25,43.995,4.32,3.84,3.93,1.61,1.58,1.65,121.754,104.18,46.74
2022-12-28,79.89,79.92,77.3,78.96,83.26,,5.183,5.183,4.588,4.709,43.95,2.3629,3783.22,43.01,4.31,3.88,3.98,1.64,1.6,1.67,122.007,104.46,37.52
2022-12-29,78.82,78.82,76.79,78.4,82.26,,4.767,4.79,4.422,4.559,42.6,2.3707,3849.28,43.46,4.34,3.83,3.92,1.62,1.56,1.63,121.658,103.84,37.25
2022-12-30,78.73,80.67,77.71,80.26,85.91,,4.558,4.615,4.378,4.475,41.26,2.4595,3839.5,43.735,4.41,3.88,3.97,1.66,1.58,1.67,121.426,103.52,36.47
2023-01-01,,,,,,80.905,,,,,,,,,,,,,,,,,
2023-01-03,80.57,81.5,76.6,76.93,82.1,,4.393,4.394,3.894,3.988,44.14,2.3612,3824.14,42.2,4.4,3.79,3.88,1.65,1.53,1.61,122.091,104.52,36.41
2023-01-04,77.25,77.42,72.73,72.84,77.84,,4.008,4.219,3.9,4.172,45.83,2.2592,3852.97,42.195,4.36,3.69,3.81,1.64,1.47,1.57,121.501,104.25,34.66
2023-01-05,73.25,74.92,72.46,73.67,78.69,,4.155,4.175,3.651,3.72,43.93,2.2671,3808.1,42.965,4.45,3.71,3.78,1.68,1.49,1.55,122.102,105.04,34.95
2023-01-06,73.97,75.47,73.24,73.77,78.57,,3.764,3.839,3.52,3.71,42.94,2.2446,3895.08,43.78,4.24,3.55,3.67,1.51,1.34,1.43,121.085,103.88,34.92
2023-01-09,73.47,76.74,73.47,74.63,79.65,,3.81,4.128,3.781,3.91,42.75,2.2929,3892.09,43.625,4.19,3.53,3.66,1.48,1.31,1.41,120.151,103,36
2023-01-10,74.86,75.92,73.84,75.12,80.1,,3.911,3.911,3.546,3.639,41.6,2.3277,3919.25,43.935,4.24,3.61,3.74,1.52,1.37,1.47,120.248,103.24,35.97
2023-01-11,74.78,77.84,74.31,77.41,82.67,,3.575,3.777,3.422,3.671,41.19,2.4345,3969.61,44.07,4.2,3.54,3.67,1.45,1.31,1.41,120.161,103.19,35.5
2023-01-12,77.7,79.16,77.1,78.39,84.03,,3.694,3.946,3.607,3.695,39.28,2.4753,3983.17,44.91,4.12,3.43,3.56,1.32,1.22,1.33,119.422,102.25,36.09
2023-01-13,78.32,80.11,77.97,79.86,85.28,,3.677,3.76,3.384,3.419,38.19,2.5328,3999.09,44.975,4.22,3.49,3.61,1.4,1.31,1.44,119.167,102.2,35.95
2023-01-17,80.1,81.23,78.53,80.18,85.92,,3.557,3.789,3.521,3.586,40.1,2.5451,3990.97,45.07,4.18,3.53,3.64,1.42,1.36,1.47,119.212,102.39,35.92
2023-01-18,80.97,82.38,78.94,79.48,84.98,,3.628,3.644,3.274,3.311,39.25,2.5235,3928.86,44.245,4.06,3.37,3.54,1.34,1.25,1.4,119.076,102.36,37.08
2023-01-19,79.14,81.18,78.13,80.33,86.16,,3.293,3.396,3.186,3.275,39.02,2.5968,3898.85,44.795,4.09,3.39,3.57,1.27,1.19,1.34,119.611,102.06,37.26
2023-01-20,80.6,81.64,79.69,81.31,87.63,,3.203,3.389,3.091,3.174,37.81,2.6454,3972.61,45.24,4.14,3.48,3.66,1.33,1.25,1.42,119.349,102.01,37.46
2023-01-23,81.79,82.64,81.05,81.62,88.19,,3.45,3.564,3.243,3.447,37.3,2.6965,4019.81,45.3,4.21,3.52,3.69,1.33,1.24,1.41,119.143,102.14,37.28
2023-01-24,81.62,82.22,79.66,80.13,86.13,,3.45,3.595,3.224,3.258,38.26,2.6487,4016.95,45.125,4.12,3.46,3.62,1.29,1.19,1.34,119.096,101.92,36.62
2023-01-25,80.26,81.23,79.45,80.15,86.12,,3.242,3.251,2.992,3.067,38.54,2.5934,4016.22,45.13,4.11,3.46,3.62,1.26,1.17,1.33,118.969,101.64,37.3
2023-01-26,80.48,82.14,79.92,81.01,87.47,,3.003,3.003,2.761,2.944,38.12,2.6121,4060.43,46.555,4.17,3.49,3.62,1.26,1.16,1.3,119.021,101.84,38.78
2023-01-27,81.22,82.48,79.04,79.68,86.66,,2.876,3.176,2.832,3.109,38.6,2.5886,4070.56,45.615,4.19,3.52,3.64,1.29,1.19,1.33,118.922,101.93,38.52
2023-01-30,80.04,80.49,77.66,77.9,84.9,,2.72,2.773,2.612,2.677,40.18,2.4989,4017.77,44.57,4.25,3.55,3.66,1.38,1.26,1.39,118.895,102.28,38.51
2023-01-31,77.91,79.25,76.55,78.87,84.49,,2.685,2.753,2.614,2.684,38.55,2.5435,4076.6,44.965,4.21,3.52,3.65,1.36,1.28,1.43,118.98,102.1,39.55
2023-02-01,79.06,79.73,76.05,76.41,82.84,81.275,2.73,2.78,2.463,2.468,37.99,2.4538,4119.21,44.08,4.09,3.39,3.55,1.19,1.14,1.33,118.626,101.22,40.73
2023-02-02,76.79,77.24,74.97,75.88,82.17,,2.504,2.597,2.431,2.456,38.49,2.4523,4179.76,43.075,4.09,3.4,3.55,1.23,1.18,1.38,118.342,101.75,39.84
2023-02-03,75.92,78,73.1,73.39,79.94,,2.457,2.515,2.341,2.41,39.48,2.321,4136.48,42.98,4.3,3.53,3.63,1.4,1.31,1.46,119.51,102.92,39.87
2023-02-06,73.23,74.51,72.25,74.11,80.99,,2.422,2.5,2.365,2.457,38.92,2.3734,4111.08,42.785,4.44,3.63,3.67,1.48,1.38,1.47,120.541,103.62,38.84
2023-02-07,74.57,77.6,74.35,77.14,83.69,,2.499,2.615,2.423,2.584,37.31,2.4568,4164,44.175,4.47,3.67,3.72,1.45,1.36,1.47,120.347,103.43,38.6
2023-02-08,77.49,78.57,77.08,78.47,85.09,,2.599,2.657,2.367,2.396,37.02,2.4628,4117.86,43.78,4.45,3.63,3.7,1.36,1.29,1.41,120.144,103.41,38.42
2023-02-09,78.45,78.84,76.52,78.06,84.5,,2.411,2.529,2.35,2.43,35.75,2.4475,4081.5,43.405,4.48,3.67,3.75,1.42,1.34,1.47,119.978,103.22,38.75
2023-02-10,77.68,80.33,77.47,79.72,86.39,,2.464,2.589,2.41,2.514,35.89,2.5037,4090.46,45.105,4.5,3.74,3.83,1.46,1.41,1.53,120.142,103.63,39.07
2023-02-13,79.94,80.62,78.45,80.14,86.61,,2.58,2.61,2.376,2.405,37.77,2.5311,4137.29,44.99,4.52,3.72,3.79,1.49,1.41,1.51,119.983,103.35,38.94
2023-02-14,79.06,79.61,77.46,79.06,85.58,,2.427,2.623,2.415,2.567,36.67,2.4885,4136.13,45.005,4.6,3.77,3.81,1.55,1.46,1.53,119.923,103.23,38.65
2023-02-15,78.83,79.15,77.25,78.59,85.38,,2.603,2.607,2.446,2.471,35.7,2.4978,4147.6,44.24,4.62,3.81,3.85,1.53,1.46,1.54,120.456,103.92,39.38
2023-02-16,78.54,79.54,77.92,78.49,85.14,,2.464,2.559,2.358,2.389,35.03,2.4355,4090.41,43.805,4.62,3.86,3.92,1.54,1.49,1.57,120.465,103.86,40.22
2023-02-17,78.07,78.25,75.06,76.34,83,,2.391,2.42,2.22,2.275,36.04,2.4082,4079.09,42.245,4.6,3.82,3.88,1.53,1.46,1.54,120.553,103.86,39.93
2023-02-21,76.53,77.51,75.69,76.16,83.05,,2.225,2.295,2.057,2.073,37.05,2.4156,3997.34,42.035,4.67,3.95,3.98,1.58,1.53,1.6,120.626,104.18,40.93
2023-02-22,76.11,76.55,73.8,73.95,80.6,,2.066,2.302,1.967,2.174,38.36,2.3376,3991.05,41.755,4.66,3.93,3.94,1.61,1.52,1.58,120.839,104.59,39.64
2023-02-23,73.92,75.99,73.83,75.39,82.21,,2.161,2.377,2.095,2.314,36.69,2.3795,4012.32,42.385,4.66,3.88,3.88,1.59,1.49,1.55,121.09,104.6,39.9
2023-02-24,75.6,76.63,74.09,76.32,83.16,,2.345,2.577,2.307,2.451,37.25,2.3587,3970.04,42.33,4.78,3.95,3.93,1.72,1.57,1.61,121.568,105.21,39.95
2023-02-27,76.42,76.82,74.99,75.68,82.45,,2.65,2.74,2.554,2.731,37.55,2.3683,3982.24,42.455,4.78,3.92,3.93,1.68,1.56,1.61,121.394,104.67,40.92
2023-02-28,75.76,77.83,75.55,77.05,83.89,,2.723,2.788,2.568,2.747,35.42,2.4343,3970.15,41.845,4.81,3.92,3.93,1.6,1.49,1.57,121.334,104.87,40.55
2023-03-01,76.85,77.85,76.12,77.69,84.31,78.2709,2.769,2.839,2.664,2.811,36.63,2.6748,3951.39,42.67,4.89,4.01,3.97,1.68,1.57,1.6,120.635,104.48,40.27
2023-03-02,77.74,78.59,77.23,78.16,84.75,,2.811,2.863,2.71,2.765,35.61,2.7003,3981.35,43.045,4.89,4.08,4.03,1.67,1.6,1.63,121.13,105.03,39.39
2023-03-03,77.89,79.9,75.83,79.68,85.83,,2.789,3.027,2.772,3.009,35.2,2.7504,4045.64,43.63,4.86,3.97,3.9,1.55,1.45,1.49,120.774,104.52,39.35
2023-03-06,79.92,80.63,78.32,80.46,86.18,,2.83,2.83,2.532,2.572,33.03,2.7965,4048.42,43.65,4.89,3.98,3.92,1.57,1.49,1.54,120.485,104.35,39.35
2023-03-07,80.5,80.94,77.06,77.58,83.29,,2.603,2.698,2.506,2.687,33.76,2.7007,3986.37,42.89,5,3.97,3.88,1.77,1.59,1.56,121.462,105.62,39.8
2023-03-08,77.32,77.73,76.11,76.66,82.66,,2.662,2.694,2.519,2.551,33.39,2.6889,3992.01,42.45,5.05,3.98,3.88,1.87,1.66,1.62,121.451,105.66,40.5
2023-03-09,76.5,78.06,75.43,75.72,81.59,,2.59,2.644,2.465,2.543,34.86,2.6051,3918.32,41.85,4.9,3.93,3.88,1.79,1.63,1.63,121.446,105.31,40.99
2023-03-10,75.65,77.11,74.77,76.68,82.78,,2.494,2.562,2.425,2.43,36.76,2.6458,3861.59,41.315,4.6,3.7,3.7,1.62,1.44,1.45,121.242,104.58,41.56
2023-03-13,76.6,77.47,72.3,74.8,80.77,,2.426,2.633,2.391,2.606,38.13,2.5914,3855.76,40.475,4.03,3.55,3.7,1.42,1.31,1.46,120.89,103.6,40.2
2023-03-14,74.7,74.9,70.78,71.33,77.45,,2.624,2.674,2.53,2.573,47.41,2.553,3919.29,40.875,4.2,3.64,3.77,1.43,1.33,1.49,121.014,103.6,39.55
2023-03-15,71.56,72.56,65.65,67.61,73.69,,2.577,2.595,2.384,2.439,49.78,2.4384,3891.93,38.68,3.93,3.51,3.7,1.26,1.22,1.44,122.108,104.65,38.05
2023-03-16,68.22,69.38,65.71,68.35,74.7,,2.483,2.554,2.429,2.514,48.65,2.5035,3960.28,39.1,4.14,3.56,3.71,1.46,1.34,1.48,121.722,104.42,37.6
2023-03-17,68.26,69.64,65.17,66.74,72.97,,2.527,2.534,2.327,2.338,51.48,2.5015,3916.64,38.485,3.81,3.39,3.6,1.34,1.29,1.5,121.564,103.71,37.7
2023-03-20,66.62,67.7,64.12,67.64,73.79,,2.347,2.427,2.211,2.223,51.14,2.536,3951.57,38.85,3.92,3.47,3.65,1.42,1.33,1.51,121.014,103.28,37.76
2023-03-21,67.62,69.6,66.77,69.33,75.32,,2.246,2.358,2.127,2.348,48.12,2.5389,4002.87,40.195,4.17,3.59,3.73,1.48,1.36,1.52,120.896,103.26,38.81
2023-03-22,69.48,71.31,68.89,70.9,76.69,,2.322,2.326,2.152,2.171,46.97,2.5932,3936.97,39.34,3.96,3.48,3.68,1.23,1.2,1.43,120.622,102.35,38.6
2023-03-23,69.95,71.67,69.14,69.96,75.91,,2.215,2.261,2.136,2.154,46.9,2.6059,3948.72,38.795,3.76,3.38,3.66,1.13,1.19,1.43,119.759,102.53,39.72
2023-03-24,69.51,70.38,66.82,69.26,74.99,,2.153,2.238,2.141,2.216,48.36,2.5885,3970.99,38.945,3.76,3.38,3.64,1.2,1.16,1.45,120.46,103.12,38
2023-03-27,69.42,73.1,69.13,72.81,78.12,,2.13,2.143,2.059,2.088,45.41,2.6842,3977.53,39.775,3.94,3.53,3.77,1.32,1.29,1.55,120.254,102.86,38.22
2023-03-28,72.86,73.93,72.19,73.2,78.65,,2.089,2.122,1.998,2.03,44.31,2.7121,3971.27,40.39,4.02,3.55,3.77,1.29,1.24,1.5,119.714,102.43,38.69
2023-03-29,73.61,74.37,72.76,72.97,78.28,,2.024,2.083,1.944,1.991,43.33,2.6681,4027.81,40.95,4.08,3.57,3.78,1.29,1.24,1.5,119.726,102.64,38.91
2023-03-30,72.98,74.63,72.61,74.37,79.27,,2.183,2.19,2.08,2.104,42.02,2.6614,4050.83,41.13,4.1,3.55,3.74,1.26,1.21,1.48,119.408,102.14,39.37
2023-03-31,74.37,75.72,73.77,75.67,79.77,,2.107,2.241,2.074,2.216,40.34,2.7005,4109.31,41.415,4.06,3.48,3.67,1.2,1.16,1.44,119.36,102.51,39.65
2023-04-01,,,,,,83.4085,,,,,,,,,,,,,,,,,
2023-04-03,80.1,81.69,79,80.42,84.93,,2.085,2.16,2.015,2.097,39.49,2.7575,4124.51,43.29,3.97,3.43,3.64,1.13,1.14,1.43,119.32,102.09,40.95
2023-04-04,80.44,81.81,79.61,80.71,84.94,,2.114,2.166,2.076,2.106,39.42,2.7371,4100.6,42.505,3.84,3.35,3.6,1.07,1.1,1.41,119.142,101.59,40.56
2023-04-05,81.01,81.24,79.72,80.61,84.99,,2.096,2.197,2.065,2.155,39.14,2.8201,4090.38,43.145,3.79,3.3,3.56,1.07,1.07,1.39,119.295,101.85,40.98
2023-04-06,80.37,80.96,79.65,80.7,85.12,,2.141,2.181,1.992,2.011,34.76,2.8133,4105.02,42.49,3.82,3.3,3.54,1.06,1.06,1.35,119.307,101.82,40.84
2023-04-07,,,,,,,,,,,,,,,3.97,3.39,3.61,1.16,1.14,1.4,119.355,,
2023-04-10,80.5,81.22,79.61,79.74,84.18,,2.019,2.223,2.011,2.172,34.31,2.8079,4109.11,42.83,4,3.41,3.62,1.18,1.14,1.4,119.795,102.58,40.74
2023-04-11,79.88,81.59,79.37,81.53,85.61,,2.182,2.247,2.126,2.186,34.23,2.8652,4108.94,43.235,4.03,3.43,3.62,1.18,1.14,1.38,119.525,102.2,41.03
2023-04-12,81.44,83.53,81.28,83.26,87.33,,2.221,2.229,2.069,2.093,33.74,2.8727,4091.95,43.265,3.95,3.41,3.64,1.17,1.14,1.38,119.003,101.5,41.04
2023-04-13,83.22,83.44,82.11,82.16,86.09,,2.084,2.13,1.995,2.007,32.78,2.8317,4146.22,43.535,3.96,3.45,3.69,1.22,1.16,1.4,118.391,101.01,40.81
2023-04-14,82.4,83.12,81.76,82.52,86.31,,2.015,2.132,1.946,2.114,32.51,2.8359,4137.64,43.615,4.08,3.52,3.74,1.29,1.22,1.46,118.857,101.55,40.63
2023-04-17,82.48,82.71,80.47,80.83,84.76,,2.15,2.314,2.146,2.275,32.93,2.774,4151.32,43.1,4.18,3.6,3.81,1.34,1.28,1.52,119.279,102.1,40.23
2023-04-18,81,81.48,79.87,80.86,84.77,,2.29,2.385,2.229,2.366,33.69,2.7509,4154.87,43.27,4.19,3.58,3.79,1.36,1.3,1.53,119.105,101.75,41.05
2023-04-19,80.92,81.18,78.46,79.16,83.12,,2.373,2.383,2.177,2.222,34.44,2.6455,4154.52,43.12,4.24,3.6,3.79,1.38,1.32,1.53,119.303,101.97,40.81
2023-04-20,78.87,78.89,76.97,77.29,81.1,,2.179,2.271,2.14,2.249,36.41,2.5864,4129.79,42.74,4.14,3.54,3.75,1.35,1.28,1.5,119.12,101.84,39.94
2023-04-21,77.13,78.39,76.72,77.87,81.66,,2.192,2.274,2.164,2.233,35.17,2.6016,4133.52,42.49,4.17,3.57,3.78,1.36,1.29,1.53,119.312,101.82,39.59
2023-04-24,77.97,79.18,76.72,78.76,82.73,,2.22,2.286,2.181,2.273,34.28,2.6318,4137.04,43.14,4.12,3.52,3.73,1.27,1.24,1.48,119.204,101.35,39.25
2023-04-25,78.74,79.07,76.5,77.07,80.77,,2.262,2.312,2.17,2.307,36.64,2.5886,4071.63,42.33,3.86,3.4,3.65,1.17,1.15,1.43,119.613,101.86,38.43
2023-04-26,77.08,77.93,74.05,74.3,77.69,,2.239,2.274,2.101,2.117,39.25,2.5494,4055.99,41.765,3.9,3.43,3.7,1.2,1.18,1.46,119.323,101.47,38.4
2023-04-27,74.38,75.28,74.03,74.76,78.37,,2.314,2.376,2.268,2.355,37.76,2.5328,4135.35,41.915,4.07,3.53,3.76,1.31,1.26,1.5,119.43,101.5,38.78
2023-04-28,74.91,76.92,73.93,76.78,79.54,,2.358,2.529,2.285,2.41,35.63,2.578,4169.48,42.565,4.04,3.44,3.67,1.31,1.26,1.51,119.225,101.67,38.95
2023-05-01,76.66,76.69,74.53,75.66,79.31,74.7891,2.398,2.41,2.29,2.318,35.94,2.5504,4167.87,42.085,4.14,3.59,3.84,1.4,1.36,1.61,119.444,102.15,38.36
2023-05-02,75.76,76.11,71.42,71.66,75.32,,2.314,2.345,2.186,2.214,39.48,2.4357,4119.58,40.255,3.97,3.44,3.72,1.28,1.24,1.53,119.611,101.96,39.05
2023-05-03,71.56,71.79,67.95,68.6,72.33,,2.224,2.241,2.103,2.17,43.23,2.3221,4090.75,39.495,3.89,3.38,3.7,1.18,1.18,1.5,119.123,101.34,38.2
2023-05-04,68.16,69.84,63.64,68.56,72.5,,2.157,2.189,2.081,2.101,43.75,2.3259,4061.22,39.055,3.75,3.37,3.73,1.16,1.18,1.52,119.046,101.4,37.78
2023-05-05,68.7,71.81,68.48,71.34,75.3,,2.086,2.167,2.031,2.137,37.35,2.379,4136.25,40.115,3.92,3.44,3.76,1.22,1.23,1.53,118.555,101.21,38.02
2023-05-08,71.35,73.69,71.04,73.16,77.01,,2.148,2.255,2.14,2.238,35.54,2.4616,4138.12,40.115,4,3.52,3.84,1.27,1.29,1.59,118.576,101.37,38.03
2023-05-09,72.84,73.78,71.34,73.71,77.44,,2.249,2.297,2.184,2.267,35.13,2.4799,4119.17,40.13,4.01,3.53,3.85,1.29,1.3,1.61,118.824,101.64,38.44
2023-05-10,73.58,73.89,71.8,72.56,76.41,,2.262,2.265,2.16,2.191,34.13,2.4949,4137.64,39.675,3.9,3.43,3.8,1.24,1.26,1.58,118.586,101.48,39.08
2023-05-11,72.77,73.5,70.63,70.87,74.98,,2.182,2.255,2.165,2.19,35.74,2.4577,4130.62,39.2,3.89,3.39,3.73,1.26,1.23,1.53,119.03,102.06,38.7
2023-05-12,71.42,71.78,69.93,70.04,74.17,,2.191,2.335,2.147,2.266,37.32,2.4302,4124.08,39.26,3.98,3.46,3.78,1.34,1.28,1.54,119.367,102.68,38.67
2023-05-15,70.04,71.69,69.41,71.11,75.23,,2.265,2.384,2.25,2.375,35.16,2.472,4136.28,39.46,3.99,3.5,3.84,1.34,1.31,1.59,119.161,102.43,38.17
2023-05-16,71.32,71.79,70.45,70.86,74.91,,2.373,2.47,2.341,2.376,35.98,2.4791,4109.9,38.49,4.06,3.54,3.87,1.41,1.35,1.61,119.174,102.56,38.47
2023-05-17,70.6,73.26,70.04,72.83,76.96,,2.362,2.435,2.322,2.365,36.44,2.5692,4158.77,39.23,4.12,3.57,3.88,1.42,1.35,1.6,119.607,102.88,38.39
2023-05-18,72.75,72.87,71.42,71.86,75.86,,2.38,2.634,2.352,2.592,36.02,2.5683,4198.05,39.515,4.24,3.65,3.91,1.53,1.42,1.63,120.089,103.58,38.74
2023-05-19,71.94,73.4,71.03,71.55,75.58,,2.615,2.685,2.557,2.585,35.85,2.5761,4191.98,39.82,4.28,3.7,3.95,1.57,1.46,1.66,119.775,103.2,38.74
2023-05-22,71.7,72.36,70.55,71.99,75.99,,2.568,2.569,2.367,2.4,35.52,2.6489,4192.63,39.655,4.29,3.72,3.97,1.59,1.48,1.68,120.088,103.2,38.16
2023-05-23,72.1,73.79,71.71,72.91,76.84,,2.4,2.407,2.318,2.321,35.11,2.6622,4145.58,40.08,4.26,3.7,3.96,1.55,1.44,1.65,120.32,103.49,37.47
2023-05-24,73.77,74.73,73.13,74.34,78.36,,2.347,2.415,2.317,2.398,35.86,2.7212,4115.24,40.255,4.31,3.73,3.97,1.61,1.48,1.67,120.475,103.89,37.22
2023-05-25,74.21,74.37,70.98,71.83,76.26,,2.413,2.441,2.258,2.307,36.74,2.6735,4151.28,39.54,4.5,3.83,4.01,1.78,1.58,1.68,120.841,104.21,36.73
2023-05-26,71.89,73.05,71.49,72.67,76.95,,2.292,2.298,2.143,2.181,35.95,2.7034,4205.45,39.385,4.54,3.8,3.96,1.79,1.57,1.64,120.63,104.21,36.67
2023-05-30,73.23,73.55,69.02,69.46,73.54,,2.417,2.448,2.257,2.327,39.68,2.5959,4205.52,38.98,4.46,3.69,3.9,1.69,1.47,1.62,120.555,104.17,36.11
2023-05-31,69.62,69.69,67.03,68.09,72.66,,2.32,2.41,2.247,2.266,40.68,2.5599,4179.83,38.295,4.4,3.64,3.85,1.67,1.46,1.63,120.966,104.32,36.1
2023-06-01,67.6,71.07,67.51,70.1,74.28,74.7295,2.255,2.283,2.136,2.158,40.5,2.4362,4221.02,38.77,4.33,3.61,3.84,1.63,1.45,1.62,120.049,103.56,35.88
2023-06-02,70.21,72.17,70,71.74,76.13,,2.163,2.233,2.138,2.172,39.6,2.5007,4282.37,39.95,4.5,3.69,3.88,1.71,1.51,1.66,120.005,104.02,35.61
2023-06-05,75.03,75.06,71.73,72.15,76.71,,2.214,2.317,2.184,2.245,37.45,2.5244,4273.79,39.685,4.46,3.69,3.89,1.67,1.5,1.66,120.005,104,36.7
2023-06-06,71.99,72.33,70.13,71.74,76.29,,2.272,2.291,2.173,2.262,36.07,2.5643,4283.85,40.005,4.51,3.7,3.87,1.71,1.5,1.64,119.972,104.13,36.22
2023-06-07,71.56,73.19,71.01,72.53,76.95,,2.264,2.346,2.25,2.329,34.13,2.6412,4267.52,41.065,4.56,3.79,3.95,1.78,1.58,1.7,119.859,104.1,36.95
2023-06-08,72.47,73.28,69.03,71.29,75.96,,2.334,2.38,2.277,2.352,35.18,2.6127,4293.93,40.89,4.52,3.73,3.89,1.73,1.53,1.65,119.571,103.34,37.19
2023-06-09,70.94,71.77,70.1,70.17,74.79,,2.32,2.338,2.25,2.254,33.7,2.5932,4298.86,40.665,4.59,3.75,3.89,1.79,1.55,1.65,119.432,103.56,37.9
2023-06-12,70.27,70.33,66.8,67.12,71.84,,2.304,2.324,2.206,2.266,36.35,2.4826,4338.93,40.275,4.55,3.73,3.87,1.8,1.56,1.65,119.638,103.63,38.75
2023-06-13,67.31,69.83,67.15,69.42,74.29,,2.284,2.37,2.275,2.34,32.38,2.5579,4369.01,40.465,4.67,3.84,3.94,1.89,1.64,1.7,119.19,103.34,39.49
2023-06-14,69.35,70.49,68.07,68.27,73.2,,2.332,2.39,2.294,2.342,33.66,2.5546,4372.59,40.05,4.74,3.83,3.9,1.91,1.62,1.67,118.776,103.01,40.51
2023-06-15,68.7,70.96,67.97,70.62,75.67,,2.346,2.568,2.315,2.533,33.07,2.6417,4425.84,40.49,4.62,3.72,3.85,1.75,1.51,1.63,118.552,102.12,40.98
2023-06-16,70.55,71.89,69.95,71.78,76.61,,2.552,2.653,2.522,2.632,32.99,2.6805,4409.59,40.43,4.7,3.77,3.86,1.82,1.55,1.63,118.418,102.3,40.5
2023-06-20,71.45,72.09,69.65,70.5,75.9,,2.629,2.696,2.484,2.492,34.75,2.6092,4388.71,39.18,4.68,3.74,3.83,1.82,1.52,1.59,118.938,102.54,41.13
2023-06-21,70.9,72.72,70.8,72.53,77.12,,2.487,2.602,2.448,2.597,33.26,2.6241,4365.69,39.49,4.68,3.72,3.81,1.8,1.51,1.57,118.727,102.07,40.45
2023-06-22,72.43,72.65,68.93,69.51,74.14,,2.59,2.632,2.529,2.608,34.93,2.5501,4381.89,38.96,4.77,3.8,3.88,1.85,1.56,1.63,118.755,102.39,40.34
2023-06-23,69.53,69.65,67.35,69.16,73.85,,2.612,2.74,2.52,2.729,35.36,2.5172,4348.33,38.68,4.71,3.74,3.82,1.83,1.53,1.59,119.152,102.9,39.04
2023-06-26,69.84,70.11,68.71,69.37,74.18,,2.758,2.816,2.72,2.791,36.67,2.5375,4328.82,39.375,4.65,3.72,3.83,1.83,1.54,1.62,119.076,102.69,38.6
2023-06-27,69.49,70.15,67.5,67.7,72.26,,2.777,2.809,2.724,2.763,39.3,2.5168,4378.41,39.465,4.74,3.77,3.84,1.9,1.57,1.63,118.895,102.49,39.46
2023-06-28,68.01,69.73,67.05,69.56,74.03,,2.788,2.839,2.593,2.603,36.86,2.6034,4376.86,39.865,4.71,3.71,3.81,1.85,1.53,1.61,119.338,102.91,37.63
2023-06-29,69.25,70.6,68.93,69.86,74.34,,2.662,2.746,2.616,2.701,35.42,2.6177,4396.44,40.325,4.87,3.85,3.92,1.99,1.65,1.69,119.527,103.34,37.36
2023-06-30,69.82,71.04,69.53,70.64,74.9,,2.677,2.828,2.634,2.798,33.28,2.634,4450.38,40.585,4.87,3.81,3.85,1.95,1.59,1.62,119.361,102.91,37.92
2023-07-01,,,,,,80.6457,,,,,,,,,,,,,,,,,
2023-07-03,70.45,71.77,69.69,69.79,74.65,,2.729,2.746,2.67,2.709,33.88,2.4624,4455.59,40.68,4.94,3.86,3.87,1.98,1.61,1.62,119.212,102.99,37.62
2023-07-05,70.15,72.17,69.9,71.79,76.65,,2.699,2.793,2.648,2.657,33.91,2.5183,4446.82,40.455,4.94,3.95,3.95,2.05,1.69,1.7,119.348,103.37,36.87
2023-07-06,71.8,72.34,70.22,71.8,76.52,,2.652,2.687,2.586,2.609,35.13,2.5438,4411.59,39.545,4.99,4.05,4.01,2.15,1.78,1.75,119.819,103.17,36.88
2023-07-07,71.89,73.92,71.19,73.86,78.47,,2.635,2.675,2.536,2.582,34.55,2.5893,4398.95,40.395,4.94,4.06,4.05,2.13,1.79,1.78,119.076,102.27,37.04
2023-07-10,73.86,74.15,72.67,72.99,77.69,,2.57,2.692,2.57,2.669,38.35,2.5696,4409.53,40.71,4.85,4.01,4.05,2.06,1.76,1.79,118.955,101.97,37.36
2023-07-11,73.19,74.96,72.98,74.83,79.4,,2.667,2.748,2.63,2.731,32.43,2.6227,4439.26,41.605,4.88,3.99,4.03,2.08,1.75,1.8,118.734,101.73,37.58
2023-07-12,74.83,76.15,74.67,75.75,80.11,,2.739,2.75,2.618,2.632,32.69,2.667,4472.16,41.99,4.72,3.86,3.96,1.89,1.6,1.67,117.638,100.52,37.53
2023-07-13,75.85,77.33,75.32,76.89,81.36,,2.659,2.666,2.539,2.545,30.04,2.6786,4510.04,41.83,4.59,3.76,3.9,1.77,1.52,1.64,117.183,99.77,38.14
2023-07-14,77.16,77.3,75.11,75.42,79.87,,2.558,2.606,2.492,2.539,30,2.6437,4505.42,40.725,4.74,3.83,3.93,1.89,1.59,1.67,117.046,99.91,38.3
2023-07-17,75.02,76.09,73.84,74.15,78.5,,2.548,2.58,2.484,2.512,31.34,2.6317,4522.79,40.645,4.74,3.81,3.94,1.86,1.56,1.67,117.127,99.84,38.49
2023-07-18,74.18,75.96,73.88,75.75,79.63,,2.537,2.647,2.529,2.629,30.66,2.6944,4554.98,41.055,4.74,3.8,3.91,1.87,1.57,1.66,117.026,99.94,38.82
2023-07-19,75.84,76.97,75.07,75.35,79.46,,2.62,2.657,2.584,2.603,31.06,2.7205,4565.72,41.295,4.74,3.75,3.84,1.85,1.53,1.61,117.346,100.28,39.08
2023-07-20,75.35,76.15,74.72,75.63,79.64,,2.629,2.789,2.617,2.757,30.15,2.7432,4534.87,41.78,4.8,3.85,3.91,1.87,1.5,1.62,117.595,100.88,39.26
2023-07-21,75.7,77.29,75.69,77.07,81.07,,2.744,2.786,2.687,2.713,29.65,2.8018,4536.34,42.15,4.82,3.84,3.91,1.86,1.49,1.62,117.942,101.07,39.55
2023-07-24,77.01,79.28,76.44,78.74,82.74,,2.721,2.767,2.664,2.685,30.11,2.8951,4554.64,42.83,4.81,3.86,3.92,1.85,1.48,1.61,117.812,101.35,39.11
2023-07-25,78.85,79.9,78.29,79.63,83.64,,2.703,2.754,2.656,2.73,30.63,2.8533,4567.46,43.055,4.85,3.91,3.95,1.89,1.52,1.65,117.856,101.35,39.38
2023-07-26,79.34,79.77,78.55,78.78,82.92,,2.72,2.739,2.625,2.665,29.97,2.9072,4566.75,43.07,4.82,3.86,3.94,1.85,1.5,1.65,117.76,100.89,39.45
2023-07-27,78.9,80.6,78.87,80.09,84.24,,2.627,2.65,2.463,2.492,29.12,2.9505,4537.41,42.795,4.91,4.01,4.06,1.97,1.64,1.76,117.894,101.77,39.61
2023-07-28,79.84,80.71,79.07,80.58,84.99,,2.602,2.685,2.564,2.638,29.41,2.9558,4582.23,42.925,4.87,3.96,4.03,1.9,1.58,1.72,117.788,101.62,39.22
2023-07-31,80.65,82,80.13,81.8,85.56,,2.659,2.693,2.605,2.634,28.48,2.929,4588.96,43.74,4.88,3.97,4.02,1.91,1.6,1.76,117.824,101.86,38.86
2023-08-01,81.73,82.22,80.59,81.37,84.91,86.123,2.644,2.675,2.531,2.56,28.35,2.873,4576.73,43.535,4.92,4.05,4.11,1.98,1.68,1.81,118.574,102.3,37.88
2023-08-02,82.05,82.43,79.05,79.49,83.2,,2.578,2.581,2.457,2.477,28.74,2.7758,4513.39,42.965,4.88,4.08,4.17,1.99,1.72,1.85,119.127,102.59,37.14
2023-08-03,79.77,81.86,78.69,81.55,85.14,,2.484,2.586,2.474,2.565,28.54,2.7647,4501.89,43.4,4.9,4.2,4.32,2.06,1.83,1.99,119.396,102.54,37.35
2023-08-04,81.73,83.24,81.51,82.82,86.24,,2.556,2.619,2.529,2.577,28.06,2.7831,4478.03,43.46,4.78,4.05,4.21,1.89,1.67,1.87,118.821,102.02,37.49
2023-08-07,82.82,83.3,81.52,81.94,85.34,,2.579,2.754,2.571,2.725,27.73,2.8044,4518.44,43.51,4.76,4.09,4.27,1.87,1.68,1.89,119.081,102.05,37.34
2023-08-08,82.53,83.08,79.9,82.92,86.17,,2.735,2.801,2.692,2.777,27.14,2.8451,4499.38,43.725,4.74,4.02,4.2,1.86,1.66,1.88,119.641,102.53,37.75
2023-08-09,82.88,84.65,82.67,84.4,87.55,,2.797,3.018,2.771,2.959,28.56,2.9284,4467.71,44.275,4.79,4,4.18,1.89,1.66,1.87,119.476,102.49,37.74
2023-08-10,84.25,84.89,82.58,82.82,86.4,,2.974,2.998,2.747,2.763,27.27,2.9047,4468.83,44.27,4.82,4.09,4.24,1.96,1.76,1.96,119.158,102.52,37.79
2023-08-11,82.83,83.81,82.23,83.19,86.81,,2.78,2.833,2.701,2.77,28.04,2.9649,4464.05,44.95,4.89,4.16,4.27,2.01,1.8,1.96,119.627,102.84,38.2
2023-08-14,83.09,83.2,81.76,82.51,86.21,,2.776,2.827,2.749,2.795,27.55,2.9062,4489.72,44.76,4.96,4.19,4.29,2.07,1.83,1.98,120.073,103.19,38.17
2023-08-15,82.52,82.91,80.4,80.99,84.89,,2.81,2.863,2.647,2.659,28.3,2.8476,4437.86,43.83,4.92,4.21,4.32,2.12,1.89,2.02,120.213,103.21,37.9
2023-08-16,81.23,81.43,79.05,79.38,83.45,,2.664,2.674,2.568,2.592,28.54,2.8671,4404.33,43.45,4.97,4.28,4.38,2.19,1.96,2.06,120.355,103.42,38.33
2023-08-17,79.25,81.08,78.95,80.39,84.12,,2.605,2.67,2.575,2.621,29.3,2.8217,4370.36,43.97,4.94,4.3,4.41,2.18,1.97,2.09,120.524,103.44,38.46
2023-08-18,80.04,81.61,79.59,81.25,84.8,,2.623,2.636,2.524,2.551,28.43,2.8232,4369.71,44.405,4.92,4.26,4.38,2.16,1.94,2.08,120.432,103.38,38.36
2023-08-21,81.43,82.47,80.61,80.72,84.46,,2.56,2.66,2.555,2.632,28.9,2.7726,4399.77,44.125,4.97,4.34,4.45,2.21,2,2.12,120.463,103.33,38.48
2023-08-22,80.8,80.99,80.1,80.35,84.03,,2.618,2.636,2.54,2.56,28.56,2.7891,4387.55,43.785,5.02,4.34,4.42,2.22,1.99,2.07,120.355,103.56,38.91
2023-08-23,79.64,79.91,77.62,78.89,83.21,,2.56,2.59,2.473,2.497,28.47,2.7688,4436.01,43.675,4.95,4.19,4.27,2.1,1.84,1.93,120.031,103.36,38.92
2023-08-24,78.57,79.28,77.59,79.05,83.36,,2.484,2.565,2.425,2.519,28.88,2.78,4376.31,43.375,4.98,4.23,4.3,2.15,1.91,1.98,120.235,103.98,37.82
2023-08-25,78.88,80.45,78.14,79.83,84.48,,2.517,2.555,2.468,2.54,28.81,2.8764,4405.71,43.795,5.03,4.25,4.3,2.19,1.92,1.99,120.514,104.08,37.87
2023-08-28,80.15,80.87,79.61,80.1,84.42,,2.635,2.695,2.544,2.579,28.66,2.7957,4433.31,44.09,4.98,4.2,4.29,2.17,1.9,1.99,120.316,104.06,37.77
2023-08-29,79.98,81.41,79.34,81.16,85.49,,2.579,2.599,2.515,2.556,27.63,2.7905,4497.63,44.21,4.87,4.12,4.23,2.08,1.83,1.95,120.267,103.55,37.97
2023-08-30,81.29,82.05,80.88,81.63,85.86,,2.68,2.813,2.647,2.796,26.63,2.8092,4514.87,44.43,4.9,4.12,4.23,2.11,1.86,1.97,119.794,103.16,38.34
2023-08-31,81.7,83.69,81.48,83.63,86.86,,2.803,2.865,2.708,2.768,26.56,2.7664,4507.66,44.46,4.85,4.09,4.2,2.08,1.85,1.96,120.225,103.62,38.17
2023-09-01,83.63,86.06,83.46,85.55,88.55,93.2386,2.765,2.86,2.735,2.765,27.48,2.5912,4515.77,45.37,4.87,4.18,4.29,2.12,1.92,2.04,120.759,104.24,37.88
2023-09-05,86.06,88.07,85.02,86.69,90.04,,2.7,2.708,2.566,2.582,28.65,2.581,4496.83,45.61,4.94,4.27,4.38,2.16,1.98,2.1,121.434,104.81,37.32
2023-09-06,86.72,88.08,85.93,87.54,90.6,,2.584,2.614,2.503,2.51,28.33,2.6014,4465.48,45.63,5.01,4.3,4.37,2.21,2,2.08,121.867,104.86,37.22
2023-09-07,87.54,87.74,86.39,86.87,89.92,,2.516,2.614,2.5,2.579,27.59,2.623,4451.14,45.585,4.94,4.27,4.36,2.14,1.95,2.06,121.953,105.06,37.11
2023-09-08,86.78,87.95,86.15,87.51,90.65,,2.579,2.659,2.572,2.605,27.16,2.6537,4457.49,46.025,4.98,4.26,4.33,2.13,1.93,2.01,121.948,105.09,36.73
2023-09-11,87.4,88.15,86.71,87.29,90.64,,2.61,2.639,2.541,2.608,24.37,2.7187,4487.46,45.42,4.97,4.29,4.37,2.14,1.94,2.04,121.339,104.57,36.86
2023-09-12,87.27,89.37,87.22,88.84,92.06,,2.62,2.782,2.604,2.743,24.23,2.7279,4461.9,46.49,4.98,4.27,4.35,2.14,1.93,2.02,121.291,104.71,36.57
2023-09-13,88.75,89.64,88.29,88.52,91.88,,2.747,2.777,2.64,2.68,25.06,2.7384,4467.44,46.14,4.96,4.25,4.34,2.11,1.9,2,121.055,104.77,37.36
2023-09-14,88.81,90.79,88.68,90.16,93.7,,2.715,2.823,2.697,2.708,26.56,2.7427,4505.1,46.68,5,4.29,4.39,2.15,1.95,2.06,121.24,105.41,36.99
2023-09-15,90.67,91.23,89.22,90.77,93.93,,2.704,2.736,2.637,2.644,27.16,2.7081,4450.32,46.005,5.02,4.33,4.42,2.18,1.98,2.08,121.199,105.32,36.67
2023-09-18,91.2,92.43,90.75,91.48,94.43,,2.624,2.745,2.6,2.728,27.91,2.6979,4453.53,46.055,5.05,4.32,4.4,2.17,1.96,2.05,121.194,105.2,36.29
2023-09-19,92.22,93.74,91.07,91.2,94.34,,2.729,2.872,2.71,2.848,30.32,2.6581,4443.95,45.625,5.08,4.37,4.43,2.21,2,2.09,121.165,105.2,36.41
2023-09-20,91.55,91.98,89.87,90.28,93.53,,2.819,2.824,2.693,2.733,30.38,2.6192,4402.2,45.2,5.12,4.35,4.4,2.25,2,2.07,120.965,105.16,36.77
2023-09-21,89.3,90.98,88.37,89.63,93.3,,2.732,2.759,2.595,2.61,31.35,2.6199,4330,44.58,5.12,4.49,4.56,2.32,2.11,2.2,121.553,105.36,37.05
2023-09-22,89.62,91.33,89.31,90.03,93.27,,2.624,2.683,2.602,2.637,30.61,2.5618,4320.06,44.655,5.1,4.44,4.53,2.28,2.07,2.16,121.531,105.58,37.43
2023-09-25,90.55,90.83,89.03,89.68,93.29,,2.657,2.671,2.606,2.639,30.96,2.5439,4337.44,45.215,5.09,4.55,4.67,2.37,2.18,2.28,122.114,106,37.03
2023-09-26,89.88,90.74,88.19,90.39,93.96,,2.638,2.667,2.552,2.656,31.3,2.5622,4273.53,44.955,5.04,4.56,4.7,2.42,2.23,2.33,122.474,106.23,36.4
2023-09-27,90.53,94.17,90.4,93.68,96.55,,2.656,2.781,2.64,2.764,32.48,2.5986,4274.51,46.075,5.1,4.61,4.73,2.44,2.27,2.35,122.99,106.67,36
2023-09-28,93.78,95.03,91.39,91.71,95.38,,2.891,2.981,2.868,2.945,31.62,2.5053,4299.7,46.125,5.04,4.59,4.71,2.35,2.2,2.29,122.534,106.22,36.39
2023-09-29,91.76,93.1,90.35,90.79,95.31,,2.949,2.997,2.855,2.929,32.24,2.4399,4288.05,45.195,5.03,4.59,4.73,2.38,2.24,2.33,122.308,106.17,36.13
2023-10-01,,,,,,88.7877,,,,,,,,,,,,,,,,,
2023-10-02,90.82,91.88,88.46,88.82,90.71,,2.958,2.958,2.835,2.84,32,2.4122,4288.39,44.295,5.12,4.69,4.81,2.49,2.34,2.41,123.055,106.9,35.87
2023-10-03,88.67,90.27,87.76,89.23,90.92,,2.842,2.966,2.82,2.949,33.25,2.3601,4229.45,44.265,5.15,4.81,4.95,2.59,2.45,2.51,123.785,107,35.73
2023-10-04,89.42,89.59,84.16,84.22,85.81,,2.94,3.055,2.935,2.962,35.35,2.198,4263.75,42.875,5.05,4.73,4.87,2.54,2.4,2.44,123.595,106.8,36.32
2023-10-05,84.45,84.92,82.15,82.31,84.07,,2.988,3.205,2.965,3.166,36.59,2.189,4258.19,42.61,5.03,4.72,4.89,2.54,2.41,2.49,123.899,106.33,36.08
2023-10-06,82.28,83.28,81.5,82.79,84.58,,3.183,3.364,3.166,3.338,35.68,2.1922,4308.5,42.865,5.08,4.78,4.95,2.58,2.47,2.54,123.356,106.04,36.32
2023-10-09,85.25,87.24,84.67,86.38,88.15,,3.35,3.471,3.322,3.376,39.85,2.2381,4335.66,44.295,,,,,,,,106.08,36.58
2023-10-10,86.43,86.74,85.12,85.97,87.65,,3.371,3.449,3.336,3.382,39.54,2.2584,4358.24,44.35,4.96,4.66,4.85,2.44,2.34,2.43,122.928,105.83,37.52
2023-10-11,85.96,86.51,83.11,83.49,85.82,,3.405,3.454,3.225,3.377,38.94,2.2101,4376.95,43.78,4.99,4.58,4.73,2.39,2.26,2.34,122.77,105.82,37.25
2023-10-12,83.2,85.2,82.31,82.91,86,,3.385,3.428,3.299,3.344,38.52,2.165,4349.61,43.83,5.06,4.7,4.86,2.46,2.36,2.46,123.21,106.57,37.44
2023-10-13,83.51,87.83,83.35,87.69,90.89,,3.346,3.348,3.203,3.236,44.24,2.2653,4327.78,44.795,5.04,4.63,4.78,2.39,2.29,2.38,123.595,106.65,37.44
2023-10-16,87.72,88.33,86.32,86.66,89.65,,3.185,3.185,3.053,3.109,40.7,2.273,4373.63,45.095,5.09,4.71,4.87,2.42,2.33,2.44,123.319,106.24,37.06
2023-10-17,87.06,87.75,85.6,86.66,89.9,,3.124,3.137,3.024,3.079,41.37,2.2845,4373.2,45.565,5.19,4.83,4.94,2.54,2.42,2.47,123.12,106.25,36.8
2023-10-18,87.81,89.88,87.2,88.32,91.5,,3.061,3.158,3.037,3.056,44.4,2.3535,4314.6,45.98,5.19,4.91,5,2.57,2.47,2.5,123.815,106.57,36.31
2023-10-19,88.24,90.68,86.6,89.37,92.38,,3.072,3.092,2.943,2.957,45.7,2.3617,4278,45.9,5.14,4.98,5.11,2.43,2.49,2.55,123.798,106.25,36.6
2023-10-20,90.28,90.78,88.33,88.75,92.16,,2.959,2.977,2.88,2.899,43.79,2.3736,4224.16,45.13,5.07,4.93,5.09,2.39,2.46,2.55,123.612,106.16,36.64
2023-10-23,88,88.29,85.35,85.49,89.83,,2.905,2.951,2.861,2.926,41.74,2.3285,4217.04,44.4,5.05,4.86,5.01,2.4,2.45,2.52,123.285,105.54,36.33
2023-10-24,86.15,86.3,82.94,83.74,88.07,,2.918,2.997,2.876,2.971,41.08,2.2676,4247.68,43.775,5.02,4.83,4.96,2.44,2.43,2.47,123.642,106.27,36.32
2023-10-25,83.69,85.56,82.08,85.39,90.13,,2.975,3.034,2.954,3.01,44.91,2.2842,4186.77,43.695,5.08,4.95,5.09,2.49,2.52,2.56,123.787,106.53,36.19
2023-10-26,85.37,85.59,82.56,83.21,87.93,,3.028,3.279,2.977,3.214,43.93,2.2561,4137.23,43.355,5.02,4.86,5.01,2.42,2.44,2.5,124.006,106.6,36.14
2023-10-27,83.53,85.9,83.1,85.54,90.48,,3.251,3.401,3.136,3.164,46.64,2.3125,4117.37,42.315,4.99,4.84,5.03,2.37,2.42,2.51,123.62,106.56,36
2023-10-30,85,85.3,81.82,82.31,87.45,,3.4,3.405,3.321,3.352,44.01,2.22,4166.82,42.455,5.03,4.88,5.04,2.4,2.44,2.52,123.408,106.12,36.12
2023-10-31,82.59,83.37,80.74,81.02,87.41,,3.33,3.63,3.318,3.575,41.99,2.2227,4193.8,42.595,5.07,4.88,5.04,2.42,2.46,2.51,123.836,106.66,36.19
2023-11-01,81.48,83.42,80.3,80.44,84.63,82.6409,3.6,3.608,3.428,3.494,40.52,2.1855,4237.86,42.495,4.95,4.77,4.96,2.31,2.36,2.44,123.792,106.88,35.93
2023-11-02,80.82,82.83,80.22,82.46,86.85,,3.506,3.52,3.401,3.472,39.79,2.246,4317.78,43.78,4.98,4.67,4.82,2.3,2.27,2.32,122.882,106.12,36.38
2023-11-03,82.58,83.6,80.1,80.51,84.89,,3.51,3.576,3.452,3.515,38.53,2.201,4358.34,43.34,4.83,4.57,4.77,2.17,2.18,2.28,121.756,105.02,36.22
2023-11-06,81.13,82.24,80.66,80.82,85.18,,3.373,3.407,3.249,3.264,36.31,2.2359,4365.98,42.85,4.93,4.67,4.84,2.25,2.25,2.32,121.648,105.22,35.88
2023-11-07,80.93,81.05,77.09,77.37,81.61,,3.273,3.295,3.099,3.14,38.72,2.1677,4378.38,41.9,4.91,4.58,4.75,2.21,2.19,2.25,122.078,105.54,35.69
2023-11-08,77.12,77.53,74.91,75.33,79.54,,3.176,3.188,3.058,3.106,40.44,2.1285,4382.78,41.375,4.93,4.49,4.64,2.22,2.15,2.18,122.093,105.59,35.73
2023-11-09,75.65,77.16,75.21,75.74,80.01,,3.122,3.162,3.022,3.041,41.23,2.1608,4347.35,41.25,5.03,4.62,4.77,2.35,2.29,2.31,122.128,105.91,36.17
2023-11-10,75.59,77.73,75.31,77.17,81.43,,3.038,3.077,2.989,3.033,39.29,2.1895,4415.24,41.705,5.04,4.61,4.73,2.37,2.29,2.3,,105.86,36.54
2023-11-13,77.15,78.64,76.21,78.26,82.52,,3.064,3.246,3.061,3.197,39.4,2.2359,4411.55,42.005,5.02,4.63,4.75,2.37,2.32,2.34,122.426,105.66,36.1
2023-11-14,78.53,79.77,77.79,78.26,82.47,,3.233,3.264,3.086,3.106,38.29,2.2228,4495.7,42.38,4.8,4.44,4.61,2.19,2.16,2.24,121.35,104.11,36.98
2023-11-15,78.17,78.77,76.31,76.66,81.18,,3.106,3.275,3.07,3.19,39.51,2.2018,4502.88,42.3,4.9,4.53,4.68,2.28,2.22,2.28,121.075,104.39,37.29
2023-11-16,76.6,76.63,72.16,72.9,77.42,,3.151,3.265,3.028,3.062,42.53,2.1011,4508.24,41.475,4.83,4.45,4.63,2.23,2.18,2.26,121.175,104.37,36.75
2023-11-17,72.97,75.99,72.75,75.89,80.61,,3.055,3.112,2.893,2.96,40.43,2.1845,4514.02,42.345,4.88,4.44,4.59,2.22,2.16,2.24,120.848,103.82,36.68
2023-11-20,75.65,78.22,75.65,77.6,82.32,,2.957,2.958,2.864,2.882,39,2.226,4547.38,42.405,4.89,4.42,4.57,2.18,2.12,2.2,120.253,103.47,36.72
2023-11-21,77.65,77.92,76.92,77.77,82.45,,2.886,2.921,2.841,2.846,38.52,2.2338,4538.19,42.31,4.86,4.41,4.57,2.22,2.16,2.24,120.224,103.59,36.43
2023-11-22,77.77,77.97,73.79,77.1,81.96,,2.867,2.922,2.819,2.897,42.76,2.2324,4556.62,42.29,4.89,4.42,4.55,2.23,2.16,2.2,120.68,103.92,36.39
2023-11-23,,,,,81.37,,2.897,2.938,2.859,2.934,,2.2144,,,,,,,,,,,
2023-11-24,76.79,77.09,75.07,75.54,80.58,,2.897,2.951,2.798,2.855,43.38,2.1651,4559.34,42.465,4.92,4.47,4.6,2.28,2.21,2.25,120.21,103.4,36.9
2023-11-27,75.31,76.23,74.06,74.86,79.98,,2.778,2.82,2.709,2.794,43.9,2.1799,4550.43,42.315,4.84,4.39,4.53,2.26,2.18,2.22,120.173,103.2,35.96
2023-11-28,75.07,77.02,74.64,76.41,81.68,,2.79,2.815,2.669,2.706,43.14,2.23,4554.89,42.325,4.73,4.34,4.52,2.14,2.12,2.21,119.59,102.75,35.87
2023-11-29,76.56,78.09,75.67,77.86,83.1,,2.792,2.87,2.76,2.804,42.9,2.2836,4550.58,42.01,4.64,4.27,4.44,2.08,2.06,2.15,119.816,102.77,35.24
2023-11-30,77.75,79.6,75.05,75.96,82.83,,2.799,2.855,2.761,2.802,39.4,2.1998,4567.8,42.29,4.73,4.37,4.54,2.16,2.14,2.22,120.243,103.5,35.01
2023-12-01,75.59,76.76,73.93,74.07,78.88,77.5695,2.809,2.844,2.754,2.814,35.7,2.1211,4594.63,42.51,4.56,4.22,4.4,2.02,2,2.12,119.942,103.27,35.21
2023-12-04,74.58,75.03,72.63,73.04,78.03,,2.728,2.752,2.649,2.694,38.08,2.1342,4569.78,42.315,4.64,4.28,4.43,2.1,2.07,2.17,120.473,103.64,34.62
2023-12-05,73.3,74.12,72.02,72.32,77.2,,2.699,2.786,2.675,2.71,36.36,2.1103,4567.18,41.575,4.57,4.18,4.3,2.05,2.01,2.08,120.791,104.05,34
2023-12-06,72.1,72.6,69.11,69.38,74.3,,2.699,2.757,2.541,2.569,39.72,2.0302,4549.34,40.955,4.6,4.12,4.22,2.07,1.98,2.02,120.533,104.15,33.93
2023-12-07,69.28,70.48,68.8,69.34,74.05,,2.569,2.621,2.489,2.585,37.82,2.0012,4585.59,40.675,4.58,4.14,4.25,2.05,1.97,2.02,120.601,103.54,34.21
2023-12-08,69.76,71.63,69.5,71.23,75.84,,2.559,2.61,2.538,2.581,36.24,2.0498,4604.37,41.115,4.71,4.23,4.31,2.13,2.02,2.05,120.761,104.01,33.85
2023-12-11,71.15,71.81,70.35,71.32,76.03,,2.49,2.49,2.294,2.431,35.3,2.0431,4622.44,41.165,4.71,4.23,4.32,2.14,2.04,2.09,120.928,104.1,33.53
2023-12-12,71.43,71.96,68.22,68.61,73.24,,2.438,2.461,2.276,2.311,36.38,1.9797,4643.7,40.6,4.73,4.2,4.3,2.15,2.04,2.09,120.682,103.87,33.87
2023-12-13,68.73,69.89,67.71,69.47,74.26,,2.278,2.385,2.235,2.335,36.6,2.0249,4707.09,41.165,4.46,4.04,4.19,1.92,1.88,2,121.157,102.87,34.39
2023-12-14,69.85,72.46,69.54,71.58,76.61,,2.353,2.422,2.328,2.392,33.98,2.1188,4719.55,42.375,4.37,3.92,4.03,1.72,1.7,1.82,119.568,101.96,34.1
2023-12-15,71.61,72.22,70.3,71.43,76.55,,2.408,2.544,2.38,2.491,35.13,2.137,4719.19,42.15,4.44,3.91,4,1.74,1.69,1.82,119.738,102.55,33.83
2023-12-18,71.68,74.26,70.64,72.47,77.95,,2.503,2.597,2.488,2.503,37.09,2.159,4740.56,42.09,4.43,3.95,4.05,1.76,1.74,1.87,119.91,102.51,33.34
2023-12-19,72.48,74.01,71.85,73.44,79.23,,2.519,2.565,2.385,2.492,35.04,2.2008,4768.37,42.595,4.41,3.93,4.03,1.77,1.74,1.87,119.463,102.17,33.56
2023-12-20,74.06,75.37,73.6,74.22,79.7,,2.557,2.59,2.41,2.447,34.98,2.2007,4698.35,42.2,4.34,3.86,3.98,1.7,1.67,1.83,119.543,102.41,34.35
2023-12-21,73.81,74.58,72.44,73.89,79.39,,2.427,2.604,2.408,2.572,35.44,2.1585,4746.75,42.365,4.33,3.89,4.03,1.69,1.7,1.86,119.317,101.84,35.46
2023-12-22,73.91,74.98,73.39,73.56,79.07,,2.584,2.62,2.528,2.61,33.32,2.1301,4754.63,42.49,4.31,3.9,4.05,1.71,1.71,1.89,119.062,101.7,35.76
2023-12-26,73.56,76.18,73.13,75.57,81.07,,2.545,2.581,2.454,2.55,34.53,2.1583,4774.75,42.855,4.26,3.89,4.04,1.72,1.71,1.89,118.888,101.47,35.84
2023-12-27,75.32,75.66,73.77,74.11,79.65,,2.58,2.722,2.562,2.619,35.41,2.155,4781.58,42.665,4.2,3.79,3.95,1.66,1.64,1.82,118.473,100.99,36.36
2023-12-28,73.8,74.4,71.72,71.77,78.39,,2.455,2.576,2.412,2.557,36.45,2.0852,4783.35,42.015,4.26,3.84,3.98,1.72,1.68,1.84,118.41,101.23,36.34
2023-12-29,71.99,72.62,71.25,71.65,77.04,,2.539,2.561,2.489,2.514,36.22,2.1026,4769.83,41.92,4.23,3.88,4.03,1.72,1.72,1.9,118.421,101.33,36.49
2024-01-01,,,,,,79.5822,,,,,,,,,,,,,,,,,
2024-01-02,71.71,73.64,70.06,70.38,75.89,,2.605,2.675,2.524,2.568,39.05,2.0949,4742.83,42.37,4.33,3.95,4.08,1.76,1.74,1.91,119.269,102.2,35.11
2024-01-03,70.5,73.23,69.28,72.7,78.25,,2.575,2.719,2.537,2.668,38.22,2.1581,4704.81,43.06,4.33,3.91,4.05,1.73,1.71,1.89,119.696,102.46,35.63
2024-01-04,73.04,74,71.06,72.19,77.59,,2.688,2.863,2.681,2.821,37.58,2.1101,4688.68,42.305,4.38,3.99,4.13,1.79,1.77,1.96,119.621,102.42,35.33
2024-01-05,72.4,74.24,72.21,73.81,78.76,,2.845,2.906,2.681,2.893,36.07,2.1055,4697.24,42.34,4.4,4.05,4.21,1.83,1.83,2.02,119.388,102.41,35.57
2024-01-08,73.51,73.95,70.13,70.77,76.12,,2.95,3.012,2.694,2.98,36.79,2.0278,4763.54,41.85,4.36,4.01,4.17,1.78,1.79,1.98,119.251,102.21,34.27
2024-01-09,70.91,72.93,70.47,72.24,77.59,,2.943,3.392,2.884,3.19,36.09,2.0768,4756.5,41.18,4.36,4.02,4.18,1.8,1.8,1.99,119.667,102.57,34.25
2024-01-10,72.17,73.59,71.01,71.37,76.8,,3.167,3.226,2.956,3.039,36.35,2.0673,4783.45,40.775,4.37,4.04,4.2,1.81,1.82,2.01,119.761,102.36,33.8
2024-01-11,71.33,73.81,71.17,72.02,77.41,,3.029,3.231,2.945,3.097,36.78,2.1143,4780.24,40.88,4.26,3.98,4.18,1.72,1.76,1.98,119.892,102.29,33.02
2024-01-12,73.01,75.25,72.36,72.68,78.29,,3.118,3.377,3.102,3.313,40.64,2.1203,4783.83,41.34,4.14,3.96,4.2,1.62,1.69,1.95,119.534,102.4,32.34
2024-01-16,72.63,73.56,71.23,72.4,78.29,,3.113,3.189,2.822,2.9,38.34,2.1219,4765.98,40.355,4.22,4.07,4.3,1.71,1.77,2.03,120.576,103.36,32.08
2024-01-17,72,72.95,70.5,72.56,77.88,,2.843,2.958,2.756,2.87,37.06,2.1354,4739.21,40.02,4.34,4.1,4.31,1.78,1.8,2.03,121.04,103.45,31.61
2024-01-18,72.78,74.38,72.18,74.08,79.1,,2.876,2.96,2.666,2.697,35.98,2.1835,4780.94,39.955,4.34,4.14,4.37,1.76,1.8,2.05,120.889,103.54,31.52
2024-01-19,74.08,74.91,73.2,73.41,78.56,,2.712,2.714,2.514,2.519,35.79,2.1628,4839.81,40.085,4.39,4.15,4.36,1.78,1.81,2.03,120.644,103.29,31.76
2024-01-22,73.41,75.75,72.89,75.19,80.06,,2.38,2.47,2.311,2.419,35.71,2.2378,4850.43,40.235,4.37,4.11,4.32,1.76,1.8,2.03,120.618,103.33,31.28
2024-01-23,74.68,75.25,73.41,74.37,79.55,,2.437,2.494,2.325,2.45,34.99,2.2101,4864.6,40.32,4.31,4.14,4.38,1.8,1.85,2.09,121.1,103.62,31.45
2024-01-24,74.57,75.83,73.94,75.09,80.04,,2.498,2.696,2.495,2.641,33.99,2.2095,4868.55,40.895,4.34,4.18,4.41,1.83,1.88,2.11,120.492,103.24,32.28
2024-01-25,75.3,77.51,75.16,77.36,82.43,,2.683,2.884,2.526,2.571,35.1,2.2644,4894.16,41.815,4.28,4.14,4.38,1.77,1.85,2.1,120.831,103.57,31.6
2024-01-26,77.15,78.26,76.06,78.01,83.55,,2.607,2.804,2.424,2.712,34.78,2.2941,4890.97,42.125,4.34,4.15,4.38,1.78,1.85,2.1,120.617,103.47,31.48
2024-01-29,78.9,79.29,76.41,76.78,82.4,,2.68,2.76,2.411,2.49,36.32,2.2285,4927.93,42.065,4.29,4.08,4.31,1.71,1.78,2.03,120.854,103.61,31
2024-01-30,77.02,78.14,75.85,77.82,82.87,,2.06,2.119,2.046,2.077,36.19,2.2607,4924.97,42.5,4.36,4.06,4.28,1.75,1.8,2.04,120.603,103.4,31.65
2024-01-31,77.84,78.11,75.52,75.85,81.71,,2.09,2.158,2.037,2.1,37.25,2.1833,4845.65,41.705,4.27,3.99,4.22,1.67,1.73,1.99,120.433,103.27,31.7
2024-02-01,75.96,76.95,73.7,73.82,78.7,82.809,2.134,2.168,2.033,2.05,35.38,2.1948,4906.19,41.7,4.2,3.87,4.1,1.63,1.68,1.91,120.334,103.05,31.46
2024-02-02,73.91,74.52,71.79,72.28,77.33,,2.054,2.1,2.021,2.079,34.85,2.1475,4958.61,41.76,4.36,4.03,4.22,1.8,1.82,2.02,120.902,103.92,31.72
2024-02-05,72.75,73.28,71.41,72.78,77.99,,2.11,2.127,2.041,2.082,34.43,2.2092,4942.81,41.655,4.46,4.17,4.35,1.87,1.9,2.09,121.349,104.45,31.35
2024-02-06,72.76,73.82,72.38,73.31,78.59,,2.068,2.102,1.997,2.009,33.01,2.2173,4954.23,41.79,4.39,4.09,4.29,1.79,1.85,2.06,120.959,104.18,31.46
2024-02-07,73.5,74.22,73.23,73.86,79.21,,2.003,2.04,1.956,1.967,31.21,2.263,4995.06,41.875,4.41,4.09,4.31,1.8,1.86,2.08,120.905,104.04,31.14
2024-02-08,74.08,76.59,73.56,76.22,81.63,,1.97,1.993,1.867,1.917,31.64,2.342,4997.91,42.305,4.46,4.15,4.36,1.84,1.91,2.12,121.08,104.15,30.71
2024-02-09,76.42,77.29,75.93,76.84,82.19,,1.885,1.885,1.817,1.847,32.44,2.3395,5026.61,41.655,4.48,4.17,4.37,1.86,1.92,2.13,121.039,104.08,30.23
2024-02-12,76.6,77.09,75.54,76.92,82,,1.805,1.863,1.732,1.768,32.69,2.3673,5021.84,42.115,4.46,4.17,4.37,1.86,1.93,2.15,120.938,104.17,29.66
2024-02-13,77.03,78.47,76.87,77.87,82.77,,1.754,1.786,1.654,1.689,32.37,2.3946,4953.17,41.69,4.64,4.31,4.46,1.98,2.02,2.2,121.52,104.96,29.4
2024-02-14,77.81,78.77,76.38,76.64,81.6,,1.669,1.685,1.59,1.609,32.76,2.3169,5000.62,41.65,4.56,4.27,4.45,1.91,1.97,2.18,121.4,104.72,29.37
2024-02-15,76.6,78.44,75.78,78.03,82.86,,1.611,1.669,1.573,1.581,32.02,2.3183,5029.73,42.81,4.56,4.24,4.42,1.87,1.94,2.16,121.212,104.3,29.92
2024-02-16,78.11,79.35,77.22,79.19,83.47,,1.589,1.637,1.575,1.609,30.84,2.336,5005.57,42.785,4.64,4.3,4.45,1.91,1.97,2.17,121.15,104.28,29.55
2024-02-20,78.98,79.8,77.67,78.18,82.34,,1.533,1.709,1.522,1.576,31.81,2.2774,4975.51,42.395,4.59,4.27,4.44,1.88,1.95,2.17,121.02,104.08,28.76
2024-02-21,77.15,78.08,76.32,77.91,83.03,,1.719,1.792,1.677,1.773,31.05,2.286,4981.8,43.19,4.64,4.32,4.49,1.91,1.98,2.18,121.038,104.01,28.93
2024-02-22,78.09,78.92,77.23,78.61,83.67,,1.784,1.784,1.661,1.732,30.55,2.3347,5087.03,43.265,4.69,4.33,4.47,1.96,2.02,2.19,121.102,103.96,28.55
2024-02-23,78.37,78.39,76.35,76.49,81.62,,1.722,1.722,1.581,1.603,31.31,2.2767,5088.8,42.98,4.67,4.26,4.37,1.94,1.96,2.11,121.037,103.94,28.58
2024-02-26,76.4,78.03,75.84,77.58,82.53,,1.66,1.73,1.594,1.659,31.71,2.3056,5069.53,43.13,4.69,4.28,4.4,1.93,1.97,2.13,121.059,103.83,28.76
2024-02-27,77.62,79,77.17,78.87,83.65,,1.625,1.72,1.511,1.615,31.35,2.3444,5078.18,42.945,4.7,4.31,4.44,1.94,1.99,2.16,120.965,103.83,29.28
2024-02-28,78.48,79.62,77.78,78.54,83.68,,1.817,1.906,1.782,1.885,31.21,2.271,5069.76,42.86,4.64,4.27,4.4,1.88,1.94,2.12,121.128,103.98,29.7
2024-02-29,78.2,79.28,77.94,78.26,83.62,,1.868,1.918,1.829,1.86,31.5,2.3043,5096.27,43.07,4.64,4.25,4.38,1.86,1.92,2.09,121.182,104.16,29.49
2024-03-01,78.28,80.85,78.05,79.97,83.55,86.6338,1.852,1.888,1.81,1.835,31.08,2.6144,5137.08,43.57,4.54,4.19,4.33,1.77,1.87,2.05,121.011,103.86,29.51
2024-03-04,80.14,80.41,78.56,78.74,82.8,,1.873,1.989,1.87,1.916,30.47,2.5857,5130.95,43.105,4.61,4.22,4.36,1.79,1.88,2.05,120.872,103.83,29.65
2024-03-05,78.74,79.49,77.52,78.15,82.04,,1.928,2.009,1.89,1.957,30.19,2.5328,5078.65,43.425,4.54,4.13,4.27,1.74,1.81,1.98,120.885,103.8,30.52
2024-03-06,78.15,80.67,77.99,79.13,82.96,,1.95,1.983,1.921,1.929,29.57,2.5539,5104.76,43.56,4.55,4.11,4.24,1.74,1.81,1.98,120.465,103.37,30.14
2024-03-07,79.13,79.53,78.02,78.93,82.96,,1.929,1.955,1.782,1.818,29.57,2.5548,5157.36,43.93,4.5,4.09,4.25,1.73,1.81,2.01,120.191,102.82,30.44
2024-03-08,79.51,79.99,77.56,78.01,82.08,,1.796,1.837,1.755,1.805,29.64,2.5272,5123.69,44.085,4.48,4.09,4.26,1.72,1.81,2.01,119.975,102.74,30.04
2024-03-11,77.8,78.47,76.79,77.93,82.21,,1.805,1.841,1.746,1.759,29.11,2.5805,5117.94,44.54,4.51,4.1,4.26,1.76,1.83,2.02,120.039,102.87,29.3
2024-03-12,78.09,78.73,77.34,77.56,81.92,,1.758,1.823,1.691,1.714,29.36,2.5864,5175.27,44.47,4.58,4.16,4.31,1.8,1.86,2.05,120.167,102.96,29.51
2024-03-13,78.06,79.9,77.57,79.72,84.03,,1.713,1.717,1.651,1.658,29.52,2.6615,5165.31,45.18,4.61,4.19,4.35,1.82,1.89,2.08,119.964,102.79,28.53
2024-03-14,79.63,81.62,79.57,81.26,85.42,,1.668,1.767,1.643,1.741,31.51,2.7033,5150.48,45.645,4.68,4.29,4.44,1.92,1.99,2.17,120.241,103.36,29.52
2024-03-15,81.14,81.45,80.49,81.04,85.34,,1.757,1.774,1.646,1.655,29.77,2.7208,5117.09,45.78,4.72,4.31,4.43,1.94,1.99,2.16,120.4,103.43,29.96
2024-03-18,81.03,83.09,81.01,82.72,86.89,,1.689,1.762,1.684,1.703,29.81,2.7573,5149.42,45.57,4.73,4.34,4.46,1.97,2.03,2.19,120.575,103.58,30.41
2024-03-19,82.85,83.85,82.39,83.47,87.38,,1.717,1.769,1.701,1.744,29.22,2.7622,5178.51,46.09,4.68,4.3,4.44,1.93,2,2.18,120.933,103.81,30.47
2024-03-20,83.2,83.21,81.44,81.68,85.95,,1.75,1.765,1.686,1.699,28.82,2.7332,5224.62,46.025,4.59,4.27,4.45,1.85,1.96,2.17,120.929,103.41,30.46
2024-03-21,81.49,81.92,80.3,81.07,85.78,,1.699,1.713,1.651,1.683,27.53,2.7271,5241.53,46.3,4.62,4.27,4.44,1.83,1.93,2.14,120.809,104,30.24
2024-03-22,80.84,81.45,80.42,80.63,85.43,,1.684,1.712,1.647,1.659,26.92,2.7398,5234.18,46.2,4.59,4.22,4.39,1.79,1.87,2.1,121.184,104.43,30.77
2024-03-25,80.85,82.48,80.59,81.95,86.75,,1.664,1.675,1.589,1.615,27.49,2.7484,5218.19,46.63,4.54,4.25,4.42,1.82,1.92,2.14,121.029,104.23,31.51
2024-03-26,81.94,82.36,81.22,81.62,86.25,,1.608,1.647,1.481,1.575,27.25,2.7006,5203.58,46.27,4.56,4.24,4.4,1.84,1.92,2.13,121.074,104.29,30.82
2024-03-27,81.29,81.74,80.55,81.35,86.09,,1.789,1.789,1.704,1.718,26.6,2.6847,5248.49,46.7,4.54,4.2,4.36,1.81,1.88,2.09,121.009,104.35,30.85
2024-03-28,81.71,83.21,81.52,83.17,87.48,,1.717,1.786,1.686,1.763,26.27,2.7611,5254.35,47.205,4.59,4.2,4.34,1.83,1.88,2.07,121.064,104.55,30.76
2024-03-29,,,,,,,,,,,,,,,,,,,,,121.019,,
2024-04-01,83.14,84.49,82.6,83.71,87.42,90.8695,1.755,1.853,1.706,1.837,27.65,2.71,5243.77,47.555,4.72,4.33,4.47,1.93,1.98,2.17,121.515,105.02,30.8
2024-04-02,84.04,85.5,83.85,85.15,88.92,,1.837,1.881,1.778,1.862,29.04,2.7589,5205.81,48.22,4.7,4.36,4.51,1.91,2,2.19,121.303,104.82,29.85
2024-04-03,85.46,86.2,84.85,85.43,89.35,,1.852,1.906,1.836,1.841,29.08,2.7609,5211.49,48.55,4.68,4.36,4.51,1.91,2,2.2,121.02,104.25,29.49
2024-04-04,85.66,87.22,84.64,86.59,90.65,,1.844,1.853,1.769,1.774,32.17,2.7942,5147.21,48.52,4.65,4.31,4.47,1.88,1.97,2.17,120.761,104.12,29.56
2024-04-05,86.86,87.63,86.32,86.91,91.17,,1.779,1.823,1.755,1.785,32.36,2.7886,5204.34,49.04,4.73,4.39,4.54,1.93,2.02,2.22,120.965,104.3,30.25
2024-04-08,86.1,87.1,84.69,86.43,90.38,,1.77,1.85,1.746,1.844,30.57,2.7486,5202.39,48.73,4.78,4.42,4.55,1.96,2.04,2.22,120.736,104.14,30.94
2024-04-09,86.59,86.98,85.09,85.23,89.42,,1.847,1.924,1.838,1.872,28.96,2.7556,5209.91,48.745,4.74,4.36,4.5,1.93,2,2.18,120.705,104.15,31.3
2024-04-10,85.34,86.38,84.55,86.21,90.48,,1.888,1.943,1.867,1.885,30.08,2.7816,5160.64,48.895,4.97,4.55,4.64,2.12,2.15,2.29,121.573,105.25,30.77
2024-04-11,86.32,86.63,84.84,85.02,89.74,,1.874,1.892,1.754,1.764,31.27,2.7741,5199.06,48.86,4.93,4.56,4.65,2.13,2.16,2.31,121.608,105.28,32.5
2024-04-12,85.6,87.67,85.24,85.66,90.45,,1.767,1.785,1.731,1.77,32.19,2.8029,5123.41,48.065,4.88,4.5,4.61,2.07,2.11,2.27,122.288,106.04,33.16
2024-04-15,85.93,86.11,84.05,85.41,90.1,,1.772,1.792,1.678,1.691,35.59,2.7839,5061.82,47.615,4.93,4.63,4.74,2.13,2.2,2.37,122.425,106.21,32.59
2024-04-16,85.7,86.18,84.75,85.36,90.02,,1.695,1.802,1.649,1.732,33.61,2.8223,5051.41,47.2,4.97,4.67,4.77,2.17,2.24,2.4,123.123,106.26,33.67
2024-04-17,85.36,85.51,82.55,82.69,87.29,,1.68,1.724,1.66,1.712,33,2.7287,5022.21,47.065,4.93,4.59,4.71,2.15,2.2,2.36,123.021,105.95,32.81
2024-04-18,82.79,83.47,81.56,82.73,87.11,,1.722,1.78,1.713,1.757,31.4,2.7137,5011.12,46.92,4.98,4.64,4.74,2.24,2.24,2.38,123.002,106.15,33.04
2024-04-19,82.62,86.28,81.8,83.14,87.29,,1.741,1.806,1.724,1.752,31.86,2.7103,4967.23,47.485,4.97,4.62,4.72,2.22,2.21,2.36,123.108,106.15,32.3
2024-04-22,83.05,83.35,81.85,82.85,87,,1.765,1.8,1.721,1.791,29.7,2.6854,5010.6,47.795,4.97,4.62,4.72,2.21,2.21,2.36,123.061,106.08,31.72
2024-04-23,82.13,83.43,80.88,83.36,88.42,,1.798,1.848,1.745,1.812,28.86,2.7253,5070.55,48.06,4.86,4.61,4.73,2.19,2.2,2.38,122.723,105.69,31.8
2024-04-24,83.4,83.71,82.44,82.81,88.02,,1.836,1.84,1.634,1.653,29.04,2.7343,5071.63,48.095,4.89,4.65,4.78,2.22,2.24,2.41,122.89,105.86,31.92
2024-04-25,82.83,83.83,81.99,83.57,89.01,,1.644,1.675,1.583,1.638,28.34,2.7582,5048.42,48.315,4.96,4.7,4.82,2.27,2.28,2.42,122.838,105.6,32.43
2024-04-26,83.81,84.46,83.35,83.85,89.5,,1.622,1.628,1.482,1.614,27.81,2.7646,5099.96,47.87,4.96,4.67,4.78,2.24,2.24,2.38,122.947,105.94,32.21
2024-04-29,83.69,83.91,82.4,82.63,88.4,,1.923,2.056,1.916,2.03,27.84,2.7487,5116.17,48.195,4.97,4.63,4.75,2.22,2.22,2.36,122.545,105.58,31.68
2024-04-30,82.76,83.3,80.95,81.93,87.86,,2.05,2.092,1.951,1.991,27.87,2.7108,5035.69,46.76,5.04,4.69,4.79,2.29,2.28,2.41,122.985,106.22,32.5
2024-05-01,81.48,81.57,78.83,79,83.44,84.6661,1.954,1.97,1.913,1.932,28.7,2.5774,5018.39,46.015,4.96,4.63,4.74,2.25,2.25,2.38,123.017,105.76,32.33
2024-05-02,79.15,79.9,78.41,78.95,83.67,,1.931,2.05,1.927,2.035,27.65,2.5965,5064.2,46.28,4.87,4.58,4.72,2.2,2.21,2.37,122.438,105.3,33.85
2024-05-03,79.07,79.63,77.96,78.11,82.96,,2.031,2.16,2.012,2.142,28.09,2.5551,5127.79,46.285,4.81,4.5,4.66,2.13,2.15,2.31,122.138,105.03,33.7
2024-05-06,78.16,79.09,77.91,78.48,83.33,,2.17,2.262,2.133,2.195,28.58,2.5882,5180.74,46.65,4.82,4.49,4.64,2.14,2.14,2.29,121.891,105.05,34.25
2024-05-07,78.72,79.17,77.55,78.38,83.16,,2.206,2.23,2.142,2.207,27.83,2.5434,5187.7,46.605,4.82,4.47,4.61,2.16,2.15,2.28,122.093,105.41,33.44
2024-05-08,78.34,79.27,76.89,78.99,83.58,,2.219,2.274,2.167,2.187,27.91,2.5318,5187.67,46.55,4.84,4.48,4.64,2.19,2.17,2.31,122.193,105.55,33.74
2024-05-09,79.23,79.8,78.91,79.26,83.88,,2.186,2.316,2.153,2.301,27.95,2.5418,5214.08,47.175,4.8,4.45,4.6,2.13,2.13,2.26,122.163,105.23,34.33
2024-05-10,79.59,79.96,78.14,78.26,82.79,,2.307,2.344,2.242,2.252,27.88,2.4997,5222.68,46.915,4.87,4.5,4.64,2.18,2.16,2.29,122.014,105.31,33.62
2024-05-13,78.18,79.49,77.78,79.12,83.36,,2.25,2.384,2.214,2.381,28.04,2.5105,5221.42,46.79,4.85,4.48,4.63,2.17,2.15,2.29,122.026,105.22,33.09
2024-05-14,79.23,79.38,77.68,78.02,82.38,,2.362,2.397,2.306,2.344,28.01,2.4596,5246.68,46.85,4.81,4.45,4.59,2.14,2.12,2.26,121.926,105.01,33.27
2024-05-15,78.44,78.92,76.7,78.63,82.75,,2.343,2.424,2.313,2.416,28.07,2.4968,5308.15,46.955,4.73,4.36,4.52,2.06,2.05,2.19,121.354,104.35,33.22
2024-05-16,78.84,79.85,78.2,79.23,83.27,,2.405,2.575,2.389,2.495,27.08,2.5378,5297.1,46.825,4.78,4.38,4.52,2.1,2.07,2.2,121.224,104.46,33.96
2024-05-17,79.38,80.14,79,80.06,83.98,,2.487,2.654,2.485,2.626,28.06,2.5742,5303.27,47.48,4.83,4.42,4.56,2.12,2.1,2.23,121.235,104.45,33.82
2024-05-20,80.01,80.6,79.17,79.8,83.71,,2.659,2.756,2.625,2.751,27.89,2.5399,5308.13,47.17,4.82,4.44,4.58,2.13,2.11,2.24,121.229,104.57,34.93
2024-05-21,79.7,79.72,78.08,79.26,82.88,,2.733,2.798,2.64,2.671,27.38,2.51,5321.41,46.94,4.82,4.41,4.55,2.1,2.09,2.22,121.379,104.66,35.35
2024-05-22,78.21,78.41,77.25,77.57,81.9,,2.665,2.851,2.609,2.842,27.71,2.4678,5307.01,46.04,4.86,4.43,4.55,2.14,2.1,2.21,121.546,104.94,35.59
2024-05-23,77.29,78.66,76.43,76.87,81.36,,2.799,2.924,2.64,2.657,28.66,2.4694,5267.84,45.62,4.91,4.47,4.58,2.21,2.17,2.26,121.748,105.11,35.54
2024-05-24,77.04,78.05,76.15,77.72,82.12,,2.676,2.709,2.493,2.52,27.56,2.4842,5304.72,45.685,4.93,4.46,4.57,2.2,2.14,2.25,121.617,104.72,35.69
2024-05-28,77.81,80.29,77.69,79.83,84.22,,2.503,2.621,2.475,2.59,27.53,2.509,5306.04,46.155,4.94,4.54,4.66,2.23,2.2,2.32,121.43,104.61,35.35
2024-05-29,80.26,80.62,78.99,79.23,83.6,,2.594,2.669,2.417,2.493,26.77,2.4644,5266.95,45.34,4.96,4.61,4.74,2.27,2.25,2.36,122.164,105.1,35.06
2024-05-30,79.28,79.42,77.63,77.91,81.86,,2.662,2.682,2.562,2.572,29.24,2.4046,5235.48,45.47,4.92,4.55,4.69,2.22,2.19,2.32,121.96,104.72,35.21
2024-05-31,77.91,78.62,76.67,76.99,81.62,,2.57,2.624,2.518,2.587,30.34,2.426,5277.51,46.6,4.89,4.51,4.65,2.18,2.16,2.3,122.098,104.67,34.84
2024-06-01,,,,,,84.1125,,,,,,,,,,,,,,,,,
2024-06-03,76.97,77.52,73.98,74.22,78.36,,2.645,2.799,2.628,2.756,30.84,2.3356,5283.4,45.38,4.82,4.41,4.55,2.11,2.08,2.22,122.351,104.14,34.9
2024-06-04,74.02,74.13,72.48,73.25,77.52,,2.772,2.829,2.573,2.586,30.59,2.3495,5291.34,44.945,4.77,4.33,4.48,2.07,2.02,2.16,122.726,104.11,33.82
2024-06-05,72.9,74.33,72.82,74.07,78.41,,2.617,2.787,2.605,2.757,29.18,2.3536,5354.03,44.94,4.72,4.29,4.44,2.04,1.99,2.13,122.534,104.27,33.39
2024-06-06,74.3,75.79,74.06,75.55,79.87,,2.762,2.877,2.724,2.821,27.71,2.3975,5352.96,45.175,4.72,4.28,4.43,2.04,2,2.14,122.371,104.1,33.8
2024-06-07,75.67,76.25,75.21,75.53,79.62,,2.814,2.967,2.791,2.918,26.42,2.3826,5346.99,44.995,4.87,4.43,4.55,2.18,2.13,2.24,123.549,104.89,33.39
2024-06-10,75.35,78.29,75.23,77.74,81.63,,2.98,3.096,2.862,2.906,25.69,2.4109,5360.79,45.335,4.87,4.47,4.59,2.21,2.16,2.28,123.912,105.15,33.27
2024-06-11,78.12,78.36,77.22,77.9,81.92,,2.985,3.159,2.966,3.129,25.54,2.4089,5375.32,45.245,4.81,4.39,4.53,2.16,2.12,2.23,124.035,105.23,32.99
2024-06-12,78.22,79.32,77.88,78.5,82.6,,3.13,3.132,2.995,3.045,24.8,2.3944,5421.03,44.76,4.75,4.31,4.47,2.15,2.09,2.21,123.829,104.65,33.24
2024-06-13,78.37,78.89,77.67,78.62,82.75,,3.028,3.091,2.898,2.959,24.45,2.4156,5433.74,44.35,4.68,4.24,4.4,2.1,2.03,2.15,124.023,105.2,33.28
2024-06-14,77.96,79.15,77.73,78.45,82.62,,2.921,3,2.87,2.881,24.71,2.3996,5431.6,44.02,4.67,4.2,4.34,2.11,2.03,2.12,124.169,105.55,32.46
2024-06-17,78.48,80.66,77.98,80.33,84.25,,2.846,2.848,2.759,2.788,24.17,2.4469,5473.23,44.135,4.75,4.28,4.4,2.14,2.06,2.15,124.239,105.32,32.39
2024-06-18,80.43,81.67,79.77,81.57,85.33,,2.772,2.916,2.772,2.909,23.73,2.4832,5487.03,44.32,4.69,4.22,4.36,2.07,2.01,2.1,123.978,105.26,32.5
2024-06-20,81.52,82.41,81.13,82.17,85.71,,2.903,2.948,2.723,2.741,24.23,2.5008,5473.17,45.135,4.7,4.25,4.39,2.05,2,2.12,124.192,105.59,32.49
2024-06-21,81.27,81.79,80.35,80.73,85.24,,2.725,2.77,2.672,2.705,24.74,2.5137,5464.62,44.875,4.7,4.25,4.39,2.07,2.02,2.15,124.109,105.8,32.05
2024-06-24,80.45,81.78,80.23,81.63,86.01,,2.67,2.834,2.635,2.811,25.42,2.5115,5447.87,45.64,4.71,4.25,4.38,2.09,2.03,2.14,123.713,105.47,32.1
2024-06-25,81.7,81.9,80.55,80.83,85.01,,2.816,2.844,2.699,2.756,25.75,2.5147,5469.3,45.745,4.65,4.23,4.36,2.08,2.01,2.12,123.942,105.61,32.38
2024-06-26,80.72,81.63,80.18,80.9,85.25,,2.737,2.746,2.613,2.628,26.24,2.5446,5477.9,45.295,4.71,4.32,4.45,2.12,2.06,2.17,124.26,106.05,32.23
2024-06-27,80.86,82.04,80.51,81.74,86.39,,2.734,2.784,2.673,2.685,26.28,2.5456,5482.87,45.4,4.7,4.29,4.43,2.07,2.03,2.15,124.338,105.91,32.24
2024-06-28,81.86,82.72,80.97,81.54,86.41,,2.702,2.765,2.594,2.601,26.54,2.5291,5460.48,45.575,4.71,4.36,4.51,2.09,2.08,2.23,124.21,105.87,32.54
2024-07-01,81.45,83.64,81.38,83.38,86.6,85.2013,2.576,2.602,2.471,2.478,27.29,2.5783,5475.09,45.6,4.77,4.48,4.64,2.15,2.16,2.32,124.467,105.9,32.8
2024-07-02,83.43,84.38,82.72,82.81,86.24,,2.476,2.484,2.415,2.435,25.82,2.5734,5509.01,45.565,4.74,4.43,4.6,2.13,2.13,2.28,124.292,105.72,33.52
2024-07-03,83.2,83.93,82.46,83.88,87.34,,2.466,2.48,2.41,2.418,24.62,2.6013,5537.02,45.765,4.71,4.36,4.53,2.1,2.09,2.23,123.777,105.4,33.62
2024-07-05,83.6,84.52,83.02,83.16,86.54,,2.421,2.44,2.315,2.319,23.78,2.5591,5567.19,45.05,4.6,4.28,4.47,2,2,2.17,123.476,104.88,33.45
2024-07-08,83.15,83.32,82.08,82.33,85.75,,2.27,2.39,2.268,2.366,23.81,2.5379,5572.85,44.775,4.62,4.28,4.46,2.01,2.01,2.17,123.358,105.01,33.06
2024-07-09,82.22,82.48,81.25,81.41,84.66,,2.373,2.448,2.331,2.344,24.19,2.5274,5576.98,44.38,4.62,4.3,4.49,2.03,2.04,2.21,123.407,105.12,32.77
2024-07-10,81.81,82.66,80.81,82.1,85.08,,2.346,2.385,2.292,2.329,24.01,2.5034,5633.91,44.68,4.62,4.28,4.47,2.02,2.01,2.18,123.189,105.05,32.25
2024-07-11,82.4,83.13,81.63,82.62,85.4,,2.326,2.343,2.261,2.268,24.01,2.5178,5584.54,45.145,4.5,4.2,4.41,1.95,1.95,2.13,122.769,104.44,32.32
2024-07-12,82.86,83.74,82.1,82.21,85.03,,2.267,2.35,2.249,2.329,24.12,2.5153,5615.35,45.26,4.45,4.18,4.39,1.95,1.94,2.12,122.44,104.09,32.6
2024-07-15,82.16,82.58,81.47,81.91,84.85,,2.273,2.285,2.147,2.158,23.83,2.4916,5631.22,45.945,4.44,4.23,4.46,1.93,1.96,2.16,122.635,104.19,31.94
2024-07-16,81.92,81.93,80.22,80.76,83.73,,2.17,2.218,2.149,2.188,24.41,2.4775,5667.2,46.15,4.43,4.17,4.38,1.89,1.91,2.09,122.726,104.27,31.87
2024-07-17,80.85,83.1,80.45,82.85,85.08,,2.181,2.208,2.015,2.035,25.28,2.5013,5588.27,46.61,4.42,4.16,4.37,1.88,1.9,2.09,122.518,103.75,31.58
2024-07-18,83.11,83.82,82.04,82.82,85.11,,2.047,2.134,2.024,2.125,25.68,2.5164,5544.59,46.695,4.46,4.2,4.41,1.92,1.89,2.13,122.791,104.17,31.46
2024-07-19,82.47,82.88,80.07,80.13,82.63,,2.089,2.143,2.057,2.128,26.83,2.4504,5505,46.185,4.49,4.25,4.45,1.98,1.93,2.16,123.147,104.4,31.41
2024-07-22,80.39,80.69,79.17,79.78,82.4,,2.104,2.27,2.09,2.251,26.83,2.4706,5564.41,45.895,4.5,4.26,4.48,1.99,1.96,2.18,123.217,104.31,31.06
2024-07-23,78.27,78.73,76.4,76.96,81.01,,2.245,2.265,2.123,2.187,26.74,2.4141,5555.74,45.165,4.4,4.25,4.48,1.98,1.96,2.2,123.384,104.45,31.28
2024-07-24,77.45,78.19,76.98,77.59,81.71,,2.153,2.17,2.102,2.117,26.85,2.4515,5427.13,45.17,4.37,4.28,4.54,1.99,2,2.26,123.558,104.39,32.14
2024-07-25,77.5,78.47,76.04,78.28,82.37,,2.126,2.155,2.035,2.041,26.49,2.4676,5399.22,45.95,4.41,4.27,4.5,2,1.99,2.24,123.529,104.36,31.64
2024-07-26,78.35,78.6,76.19,77.16,81.13,,2.052,2.084,1.994,2.006,29.77,2.4605,5459.1,46.095,4.36,4.2,4.45,1.93,1.93,2.2,123.672,104.32,31.78
2024-07-29,77.3,77.69,75.35,75.81,79.78,,2.016,2.056,1.856,1.907,30.82,2.4153,5463.54,45.7,4.36,4.17,4.42,1.92,1.92,2.17,124.139,104.56,31.89
2024-07-30,75.91,75.97,74.59,74.73,78.63,,2.065,2.135,1.991,2.126,31.49,2.3871,5436.44,46.41,4.35,4.15,4.4,1.91,1.9,2.16,124.285,104.55,31.59
2024-07-31,75.24,78.66,75.18,77.91,80.72,,2.12,2.149,2.023,2.036,33.69,2.482,5522.3,46.605,4.29,4.09,4.35,1.84,1.85,2.13,123.637,104.1,32.11
2024-08-01,78.59,78.88,76.24,76.31,79.52,80.0891,2.046,2.126,1.965,1.968,33.42,2.398,5446.68,45.37,4.16,3.99,4.27,1.78,1.79,2.09,123.869,104.42,32.97
2024-08-02,76.87,77.29,72.97,73.52,76.81,,1.985,2.023,1.92,1.967,38.83,2.3176,5346.56,44.2,3.88,3.8,4.11,1.73,1.76,2.04,123.468,103.21,32.71
2024-08-05,74.21,74.46,71.67,72.94,76.3,,1.95,1.974,1.882,1.942,43.63,2.3336,5186.33,43.225,3.89,3.78,4.06,1.71,1.71,1.97,123.579,102.69,32.24
2024-08-06,73.86,74.56,72.2,73.2,76.48,,1.957,2.033,1.9,2.01,40.42,2.3262,5240.03,43.49,3.99,3.9,4.18,1.77,1.78,2.05,123.653,102.97,32.65
2024-08-07,72.84,75.84,72.58,75.23,78.33,,2.025,2.12,2.01,2.112,38.01,2.3573,5199.5,43.665,4,3.96,4.26,1.82,1.85,2.12,123.57,103.2,32.86
2024-08-08,75.47,76.52,74.6,76.19,79.16,,2.1,2.179,2.028,2.127,34.77,2.3992,5319.31,44.605,4.04,3.99,4.28,1.85,1.87,2.14,123.447,103.21,32.85
2024-08-09,76.02,77.09,75.85,76.84,79.66,,2.151,2.187,2.104,2.143,33.37,2.3903,5344.16,44.705,4.05,3.94,4.23,1.84,1.84,2.1,122.928,103.14,32.54
2024-08-12,76.99,80.16,76.7,80.06,82.3,,2.173,2.256,2.155,2.189,35.17,2.4429,5344.39,44.925,4.01,3.9,4.19,1.77,1.79,2.06,123.22,103.14,33.24
2024-08-13,79.74,80.15,78.16,78.35,80.69,,2.175,2.239,2.134,2.148,33.26,2.3747,5434.43,44.49,3.93,3.85,4.16,1.72,1.76,2.05,123.015,102.56,33.03
2024-08-14,78.73,79.1,76.83,76.98,79.76,,2.16,2.276,2.144,2.219,31.51,2.3211,5455.21,44.75,3.94,3.83,4.12,1.74,1.77,2.04,122.43,102.57,33.13
2024-08-15,77.52,78.6,76.93,78.16,81.04,,2.228,2.301,2.189,2.197,31.14,2.358,5543.22,45.285,4.08,3.92,4.18,1.8,1.8,2.06,122.584,102.98,33.18
2024-08-16,78.16,78.16,75.54,76.65,79.68,,2.205,2.216,2.111,2.123,31,2.3102,5554.25,45.235,4.06,3.89,4.15,1.8,1.81,2.06,122.397,102.46,33.27
2024-08-19,76.58,76.87,74.17,74.37,77.66,,2.125,2.254,2.097,2.235,32.03,2.2638,5608.25,45.54,4.06,3.86,4.11,1.81,1.79,2.04,121.879,101.89,33.62
2024-08-20,74.34,75.03,73.5,74.04,77.2,,2.246,2.278,2.173,2.198,32.05,2.2563,5597.12,44.34,3.99,3.82,4.07,1.75,1.75,1.99,121.773,101.44,33.7
2024-08-21,73.12,74.16,71.46,71.93,76.05,,2.201,2.228,2.131,2.177,32.7,2.205,5620.85,44.415,3.92,3.79,4.06,1.7,1.72,1.97,121.853,101.04,33.19
2024-08-22,71.93,73.52,71.58,73.01,77.22,,2.188,2.2,2.031,2.053,31.73,2.2437,5570.64,44.53,3.99,3.86,4.13,1.76,1.76,2.03,122.363,101.51,33.09
2024-08-23,72.96,75.07,72.83,74.83,79.02,,2.061,2.074,2.005,2.022,30.54,2.2851,5634.61,45.195,3.9,3.81,4.1,1.64,1.68,1.97,121.46,100.72,33.27
2024-08-26,75.1,77.6,75.04,77.42,81.43,,2.004,2.022,1.944,1.956,30.99,2.2799,5616.84,45.6,3.91,3.82,4.11,1.64,1.67,1.97,121.694,100.85,32.97
2024-08-27,77.2,77.48,75.4,75.53,79.55,,1.956,1.974,1.875,1.904,31.25,2.2469,5625.8,45.175,3.83,3.83,4.13,1.64,1.68,1.98,121.867,100.55,33.67
2024-08-28,75.75,75.95,73.82,74.52,78.65,,1.924,2,1.856,1.93,32.12,2.2148,5592.18,44.885,3.83,3.84,4.13,1.64,1.69,1.98,121.894,101.09,33.21
2024-08-29,74.42,76.91,74.05,75.91,79.94,,2.097,2.149,2.026,2.137,31.81,2.2477,5591.96,45.47,3.87,3.87,4.15,1.65,1.71,2,122.233,101.34,33.23
2024-08-30,75.87,76.59,73.36,73.55,78.8,,2.145,2.171,2.093,2.127,33.36,2.2117,5648.4,45.64,3.91,3.91,4.2,1.7,1.76,2.04,122.326,101.7,33.13
2024-09-01,,,,,,73.76,,,,,,,,,,,,,,,,,
2024-09-03,73.53,74.41,70.1,70.34,73.75,,2.146,2.225,2.075,2.203,35.36,1.9777,5528.93,44.505,3.88,3.84,4.13,1.7,1.73,2,122.781,101.83,32.57
2024-09-04,70.28,71.46,68.82,69.2,72.7,,2.197,2.27,2.131,2.145,37.95,1.9618,5520.07,43.89,3.76,3.77,4.06,1.66,1.7,1.98,122.514,101.36,32.13
2024-09-05,69.27,70.82,68.75,69.15,72.69,,2.139,2.286,2.117,2.254,36.61,1.9258,5503.41,43.55,3.75,3.73,4.02,1.67,1.7,1.97,122.453,101.11,31.98
2024-09-06,69.33,70.13,67.17,67.67,71.06,,2.261,2.294,2.232,2.275,37.58,1.896,5408.42,43.005,3.66,3.72,4.03,1.64,1.69,1.98,122.499,101.18,31.93
2024-09-09,68.13,68.96,67.31,68.71,71.84,,2.22,2.247,2.141,2.17,37,1.9204,5471.05,43.315,3.68,3.7,4,1.61,1.66,1.94,122.716,101.55,31.98
2024-09-10,68.78,69.08,65.27,65.75,69.19,,2.149,2.258,2.125,2.232,40.23,1.87,5495.52,42.57,3.59,3.65,3.97,1.57,1.63,1.92,123.007,101.63,31.46
2024-09-11,66.28,67.97,65.63,67.31,70.61,,2.236,2.325,2.214,2.27,37.76,1.8972,5554.13,42.175,3.62,3.65,3.96,1.55,1.61,1.91,122.775,101.68,31.71
2024-09-12,67.39,69.81,67.24,68.97,71.97,,2.286,2.394,2.229,2.357,36.07,1.927,5595.76,42.555,3.64,3.68,4,1.54,1.63,1.94,122.442,101.37,31.5
2024-09-13,69.31,70.32,68.47,68.65,71.61,,2.363,2.407,2.294,2.305,35.22,1.9302,5626.02,42.795,3.57,3.66,3.98,1.48,1.58,1.9,121.655,101.11,31.73
2024-09-16,69.16,70.7,68.65,70.09,72.75,,2.298,2.397,2.265,2.373,34.71,1.9682,5633.09,43.285,3.56,3.63,3.94,1.47,1.54,1.84,121.498,100.76,31.24
2024-09-17,70.5,71.92,69.61,71.19,73.7,,2.391,2.436,2.307,2.324,35.29,2.0019,5634.58,43.87,3.59,3.65,3.96,1.47,1.53,1.85,121.603,100.89,31.48
2024-09-18,71.14,71.48,69.73,70.91,73.65,,2.312,2.377,2.275,2.284,36.19,2.0107,5618.26,43.955,3.61,3.7,4.03,1.49,1.58,1.9,121.562,100.6,31.35
2024-09-19,70.13,72.49,70.13,71.95,74.88,,2.288,2.361,2.223,2.348,33.72,2.06,5713.64,44.48,3.59,3.73,4.06,1.45,1.56,1.91,121.306,100.61,31.31
2024-09-20,72.1,72.4,71.36,71.92,74.49,,2.358,2.46,2.314,2.434,32.22,2.0364,5702.55,44.38,3.55,3.73,4.07,1.46,1.58,1.93,121.405,100.72,31.49
2024-09-23,71.31,71.81,69.49,70.37,73.9,,2.462,2.646,2.458,2.613,34.39,1.9902,5718.57,44.56,3.57,3.75,4.09,1.47,1.58,1.93,121.43,100.92,31.36
2024-09-24,70.76,72.4,70.44,71.56,75.17,,2.634,2.674,2.535,2.551,33.76,2.0297,5732.93,44.45,3.49,3.74,4.09,1.41,1.55,1.92,121.129,100.37,31.31
2024-09-25,71.54,71.72,69.23,69.69,73.46,,2.583,2.658,2.563,2.637,34.4,1.9999,5722.26,43.58,3.53,3.79,4.14,1.46,1.61,1.97,121.445,100.92,31.56
2024-09-26,69.89,70.01,66.95,67.67,71.6,,2.64,2.69,2.524,2.585,39.76,1.9613,5745.37,42.725,3.6,3.79,4.12,1.52,1.63,1.96,121.079,100.56,31.81
2024-09-27,67.45,68.65,67.06,68.18,71.98,,2.744,2.932,2.72,2.902,39.62,1.953,5738.17,43.595,3.55,3.75,4.1,1.47,1.6,1.95,121.111,100.42,31.9
2024-09-30,68.63,69.32,67.57,68.17,71.77,,2.899,2.948,2.865,2.923,39.86,1.9621,5762.48,43.9,3.66,3.81,4.14,1.51,1.63,1.96,121.286,100.78,31.66
2024-10-01,68.41,71.94,66.33,69.83,73.56,76.07,2.907,2.942,2.825,2.896,42.87,1.9666,5708.75,44.9,3.61,3.74,4.08,1.44,1.55,1.9,121.688,101.19,31.01
2024-10-02,70.8,72.49,69.87,70.1,73.9,,2.898,3,2.87,2.886,46.52,1.9859,5709.54,45.36,3.63,3.79,4.14,1.45,1.58,1.93,121.572,101.68,30.83
2024-10-03,70.98,74.09,70.52,73.71,77.62,,2.921,2.988,2.9,2.97,54.5,2.0926,5699.94,46.16,3.7,3.85,4.18,1.51,1.64,1.98,122.12,101.99,30.74
2024-10-04,73.95,75.57,73.46,74.38,78.05,,2.971,3.019,2.831,2.854,46.37,2.0958,5751.07,46.59,3.93,3.98,4.26,1.67,1.75,2.04,122.22,102.52,30.71
2024-10-07,74.4,77.4,73.62,77.14,80.93,,2.827,2.839,2.705,2.746,48.32,2.1538,5695.94,46.755,3.99,4.03,4.3,1.69,1.76,2.06,122.424,102.54,30.87
2024-10-08,77.33,78.46,72.69,73.57,77.18,,2.733,2.781,2.699,2.733,52.35,2.0681,5751.13,45.535,3.98,4.04,4.32,1.69,1.77,2.07,122.662,102.55,30.39
2024-10-09,73.84,74.45,71.53,73.24,76.58,,2.709,2.724,2.632,2.66,48.8,2.0664,5792.04,45.81,3.99,4.06,4.34,1.7,1.77,2.06,122.882,102.93,30.95
2024-10-10,73.39,76.24,73.26,75.85,79.4,,2.647,2.7,2.588,2.675,52.36,2.1509,5780.05,46.12,3.98,4.09,4.38,1.65,1.76,2.08,123.095,102.99,31.62
2024-10-11,75.74,76.04,74.53,75.56,79.04,,2.687,2.727,2.615,2.632,52.68,2.1516,5815.03,46.405,3.95,4.08,4.39,1.63,1.75,2.09,122.981,102.89,31.69
2024-10-14,75.05,75.08,71.81,73.83,77.46,,2.624,2.625,2.476,2.494,51.62,2.1086,5859.85,46.385,,,,,,,,103.3,32.07
2024-10-15,71.51,72.12,69.71,70.58,74.25,,2.482,2.55,2.445,2.498,48.64,2.0377,5815.26,44.89,3.95,4.03,4.32,1.64,1.75,2.05,123.512,103.26,32.03
2024-10-16,70.99,71.31,69.64,70.39,74.22,,2.488,2.497,2.358,2.367,47.84,2.0403,5842.47,45.105,3.93,4.02,4.3,1.65,1.75,2.05,123.924,103.59,31.45
2024-10-17,70.68,71.11,69.44,70.67,74.45,,2.377,2.417,2.338,2.347,46.88,2.0468,5841.47,45.32,3.96,4.09,4.39,1.68,1.79,2.11,124.112,103.83,31.3
2024-10-18,70.75,71.23,68.69,69.22,73.06,,2.349,2.37,2.248,2.258,47.22,2.002,5864.67,45.17,3.95,4.08,4.38,1.65,1.77,2.09,123.918,103.49,31.49
2024-10-21,69.46,71.03,69,70.56,74.29,,2.22,2.369,2.21,2.312,46.82,2.0147,5853.98,45.035,4.02,4.19,4.49,1.75,1.88,2.19,124.476,104.01,31.15
2024-10-22,70.49,72.66,70.05,72.09,76.04,,2.364,2.375,2.271,2.311,47.69,2.0715,5851.2,45.14,4.03,4.2,4.49,1.75,1.87,2.17,124.411,104.08,30.97
2024-10-23,71.35,71.72,70.13,70.77,74.96,,2.301,2.442,2.258,2.342,47.78,2.0414,5797.42,44.905,4.07,4.24,4.51,1.82,1.93,2.21,124.693,104.43,31.69
2024-10-24,71.02,72.34,69.77,70.19,74.38,,2.4,2.582,2.373,2.522,46.66,2.0277,5809.86,44.9,4.07,4.21,4.47,1.7,1.91,2.17,124.513,104.06,32.19
2024-10-25,70.33,71.92,69.96,71.78,76.05,,2.531,2.579,2.46,2.56,48.97,2.0785,5808.12,44.885,4.11,4.25,4.51,1.75,1.96,2.22,124.611,104.26,32.18
2024-10-28,68.98,69,66.92,67.38,71.42,,2.505,2.516,2.268,2.309,42.96,1.9664,5823.52,44.6,4.12,4.28,4.53,1.8,1.99,2.23,124.808,104.32,32.03
2024-10-29,68.02,68.52,66.72,67.21,71.12,,2.259,2.391,2.2,2.346,42.47,1.9518,5832.92,43.92,4.11,4.28,4.52,1.78,1.98,2.22,124.861,104.28,32.21
2024-10-30,67.47,69.17,67.28,68.61,72.55,,2.905,2.919,2.77,2.845,41.13,1.9957,5813.67,44.02,4.15,4.29,4.49,1.77,1.95,2.17,124.815,103.99,32.02
2024-10-31,69.1,70.81,68.3,69.26,73.16,,2.813,2.83,2.688,2.707,48.79,2.0035,5705.45,44.295,4.16,4.28,4.47,1.77,1.95,2.15,124.799,103.98,31.63
2024-11-01,70.44,71.45,69.32,69.49,73.1,74.0929,2.702,2.724,2.632,2.663,44.14,1.9665,5728.8,44.015,4.21,4.37,4.57,1.85,2.04,2.25,124.808,104.28,31.56
2024-11-04,70.29,71.81,70.25,71.47,75.08,,2.56,2.795,2.514,2.781,45.75,2.0192,5712.69,44.785,4.17,4.31,4.5,1.85,2.03,2.22,124.59,103.89,32.09
2024-11-05,71.62,72.67,71.29,71.99,75.53,,2.789,2.818,2.651,2.67,45.61,2.0446,5782.76,45.085,4.19,4.26,4.44,1.84,1.99,2.16,124.553,103.42,31.79
2024-11-06,72.02,72.63,69.74,71.69,74.92,,2.679,2.796,2.66,2.747,44.74,2.0354,5929.04,46.78,4.27,4.42,4.6,1.81,2.04,2.25,125.704,105.09,31.75
2024-11-07,71.87,72.88,70.66,72.36,75.63,,2.711,2.778,2.656,2.693,42.55,2.0536,5973.1,46.565,4.21,4.31,4.52,1.77,1.98,2.22,124.775,104.51,32.56
2024-11-08,72.21,72.25,69.99,70.38,73.87,,2.694,2.748,2.643,2.669,38.76,2.0125,5995.54,46.875,4.26,4.3,4.47,1.77,1.95,2.16,125.581,105,32.82
2024-11-11,70.25,70.56,67.92,68.04,71.83,,2.77,2.956,2.769,2.92,37.74,1.957,6001.35,47.14,,,,,,,,105.54,32.69
2024-11-12,68.15,69.13,67.75,68.12,71.89,,2.952,3.013,2.855,2.907,34.32,1.9643,5983.99,46.89,4.34,4.43,4.58,1.89,2.08,2.27,126.776,106.02,32.05
2024-11-13,67.98,68.86,66.94,68.43,72.28,,2.914,3.02,2.83,2.983,37.12,1.9651,5985.38,47.255,4.27,4.44,4.63,1.88,2.09,2.32,126.957,106.48,31.5
2024-11-14,68.13,69.39,67.92,68.7,72.56,,2.981,2.985,2.759,2.785,30.9,1.9817,5949.17,47.435,4.34,4.43,4.58,1.92,2.1,2.28,127.001,106.67,31.54
2024-11-15,68.62,68.69,66.82,67.02,71.04,,2.765,2.843,2.688,2.823,35.07,1.9493,5870.62,47.365,4.31,4.43,4.6,1.91,2.1,2.31,126.885,106.69,31.01
2024-11-18,66.86,69.39,66.61,69.16,73.3,,2.925,2.977,2.832,2.973,36.89,2.0183,5893.62,47.995,4.29,4.42,4.61,1.87,2.08,2.3,126.605,106.28,31.79
2024-11-19,69.01,69.69,68.45,69.39,73.31,,2.951,3.058,2.905,2.998,37.28,2.0377,5916.98,47.69,4.27,4.39,4.57,1.84,2.05,2.28,126.399,106.21,31.41
2024-11-20,69.55,70.15,68.75,68.87,72.81,,2.962,3.237,2.942,3.193,36.74,2.0458,5917.11,48.17,4.31,4.41,4.59,1.85,2.06,2.29,126.88,106.68,31.26
2024-11-21,69.04,70.38,68.86,70.1,74.23,,3.216,3.451,3.195,3.339,36.91,2.0594,5948.71,48.56,4.34,4.43,4.61,1.88,2.09,2.31,127.105,106.97,31.75
2024-11-22,70.18,71.51,69.29,71.24,75.17,,3.39,3.563,3.071,3.129,35.74,2.0614,5969.34,48.635,4.37,4.41,4.6,1.87,2.07,2.29,127.471,107.49,31.26
2024-11-25,71.44,71.48,68.74,68.94,73.01,,3.356,3.461,3.264,3.369,37.44,2.0005,5987.37,47.675,4.21,4.27,4.45,1.82,1.98,2.2,126.995,106.82,31.69
2024-11-26,69.08,70.3,68.05,68.77,72.81,,3.33,3.5,3.255,3.431,38.74,1.9918,6021.63,47.61,4.21,4.3,4.48,1.84,2.02,2.24,127.43,107.01,31.29
2024-11-27,68.91,69.37,68.18,68.72,72.83,,3.468,3.47,3.189,3.204,37,1.9734,5998.74,47.56,4.19,4.25,4.44,1.79,1.99,2.21,126.82,106.08,31.22
2024-11-29,68.77,69.69,67.87,68,72.94,,3.195,3.384,3.175,3.363,34.95,1.9437,6032.38,47.765,4.13,4.18,4.36,1.72,1.92,2.15,126.58,105.74,31.33
2024-12-01,,,,,,74.0027,,,,,,,,,,,,,,,,,
2024-12-02,68,69.11,67.71,68.1,71.83,,3.22,3.279,3.148,3.213,34.71,1.9172,6047.15,47.26,4.17,4.19,4.36,1.75,1.93,2.15,127.127,106.45,31.22
2024-12-03,68.16,70.23,67.91,69.94,73.62,,3.207,3.217,3.03,3.042,34.55,1.9624,6049.88,47.255,4.17,4.23,4.4,1.75,1.95,2.17,126.957,106.37,31.01
2024-12-04,70.02,70.51,68.49,68.54,72.31,,3.048,3.088,2.977,3.043,33.82,1.9391,6086.49,46.115,4.13,4.19,4.35,1.7,1.9,2.12,126.757,106.34,30.55
2024-12-05,68.74,69.16,67.98,68.3,72.09,,3.071,3.155,3.035,3.079,29.45,1.9325,6075.11,46.295,4.15,4.17,4.33,1.72,1.92,2.13,126.429,105.71,30.26
2024-12-06,68.44,68.49,66.98,67.2,71.12,,3.087,3.108,3.004,3.076,30.98,1.9062,6090.27,45.51,4.1,4.15,4.34,1.72,1.91,2.14,126.688,105.97,30.88
2024-12-09,67.15,68.88,67.08,68.37,72.14,,3.26,3.324,3.137,3.182,27.7,1.9525,6052.85,45.435,4.13,4.2,4.39,1.74,1.93,2.18,126.598,106.15,30.32
2024-12-10,68.19,69.06,67.72,68.59,72.19,,3.189,3.193,3.069,3.163,28.61,1.9568,6034.91,45.125,4.15,4.22,4.41,1.75,1.93,2.17,126.957,106.4,30.84
2024-12-11,68.5,70.53,68.44,70.29,73.52,,3.193,3.404,3.181,3.378,31.99,1.9858,6084.19,45.2,4.15,4.26,4.48,1.75,1.96,2.22,126.848,106.71,30.85
2024-12-12,70.43,70.72,69.14,70.02,73.41,,3.364,3.559,3.282,3.455,33.64,1.9885,6051.25,44.835,4.18,4.32,4.55,1.79,2,2.28,126.956,106.96,29.95
2024-12-13,70.06,71.42,69.87,71.29,74.49,,3.458,3.489,3.264,3.28,34.92,2.0018,6051.09,44.61,4.25,4.4,4.61,1.85,2.07,2.33,127.31,107,29.7
2024-12-16,71.44,71.44,70.37,70.71,73.91,,3.21,3.253,3.145,3.214,33.41,1.9757,6074.08,43.63,4.25,4.39,4.6,1.87,2.07,2.32,127.269,106.86,29.42
2024-12-17,70.61,70.92,69.18,70.08,73.19,,3.227,3.394,3.091,3.308,30.71,1.9439,6050.61,43.305,4.25,4.4,4.59,1.9,2.09,2.33,127.504,106.96,27.28
2024-12-18,70.22,71.38,69.99,70.58,73.39,,3.368,3.441,3.312,3.374,32.6,1.9428,5872.16,42.025,4.35,4.5,4.65,2.02,2.18,2.37,127.642,108.03,26.98
2024-12-19,70.14,71.26,69.7,69.91,72.88,,3.405,3.646,3.391,3.584,30.5,1.9228,5867.08,41.66,4.32,4.57,4.74,2.08,2.28,2.47,128.637,108.41,27.79
2024-12-20,69.23,69.85,68.42,69.46,72.94,,3.632,3.828,3.554,3.748,29.27,1.9416,5930.85,42.07,4.3,4.52,4.72,2.03,2.23,2.44,127.893,107.62,27.73
2024-12-23,69.4,69.94,68.59,69.24,72.63,,3.869,3.944,3.581,3.656,30.16,1.9383,5974.07,41.965,4.3,4.59,4.78,2.06,2.27,2.47,128.302,108.04,28.18
2024-12-24,69.56,70.43,69.36,70.1,73.58,,3.695,3.958,3.666,3.946,30.35,1.9589,6040.04,42.32,4.29,4.59,4.76,2.04,2.24,2.44,128.338,108.26,28.23
2024-12-26,70.2,70.75,69.33,69.62,73.26,,3.97,4.01,3.652,3.715,30.01,1.9458,6037.59,42.285,4.3,4.58,4.76,2.03,2.23,2.43,128.333,108.13,28.1
2024-12-27,69.68,70.75,69.44,70.6,74.17,,3.707,3.887,3.37,3.514,30.21,1.9582,5970.84,42.28,4.31,4.62,4.82,2.07,2.28,2.49,128.45,108,28.75
2024-12-30,70.42,71.56,70.12,70.99,74.39,,3.657,4.201,3.648,3.936,30.77,1.9763,5906.94,42.275,4.24,4.55,4.77,2.02,2.24,2.47,128.821,108.13,28.92
2024-12-31,71.15,72.02,70.87,71.72,74.64,,3.915,4.012,3.577,3.633,30.02,2.0015,5881.63,42.83,4.25,4.58,4.78,2,2.24,2.48,129.278,108.49,29.31
2025-01-01,,,,,,80.8043,,,,,,,,,,,,,,,,,
2025-01-02,71.85,73.73,71.79,73.13,75.93,,3.656,3.801,3.541,3.66,29.54,2.0519,5868.55,43.33,4.25,4.57,4.79,1.97,2.23,2.48,129.46,109.39,29.57
2025-01-03,73.13,74.35,72.7,73.96,76.51,,3.669,3.68,3.33,3.354,29.98,2.0537,5942.47,43.735,4.28,4.6,4.82,2.01,2.26,2.51,129.453,108.95,29.99
2025-01-06,74.05,74.99,73.2,73.56,76.3,,3.554,3.726,3.502,3.672,29.31,2.0355,5975.38,43.535,4.28,4.62,4.85,2.02,2.28,2.53,128.538,108.26,29.6
2025-01-07,73.44,74.53,73.11,74.25,77.05,,3.705,3.738,3.427,3.449,31.09,2.0266,5909.03,43.97,4.3,4.67,4.91,2.02,2.29,2.55,128.613,108.54,29.21
2025-01-08,74.52,75.29,73.16,73.32,76.16,,3.448,3.694,3.427,3.651,31.56,2.0102,5918.25,44.015,4.28,4.67,4.91,1.98,2.27,2.55,129.078,109.09,28.54
2025-01-09,73.32,74.32,72.84,73.92,76.92,,3.682,3.83,3.552,3.701,,2.0283,,,4.27,4.68,4.92,2,2.29,2.58,129.283,109.18,
2025-01-10,74.29,77.86,74.02,76.57,79.76,,3.709,4.018,3.685,3.989,33.91,2.0749,5827.04,44.195,4.4,4.77,4.96,2.08,2.34,2.6,129.866,109.65,28.66
2025-01-13,76.54,79.27,76.54,78.82,81.01,,4.347,4.369,3.845,3.934,33.98,2.1003,5836.22,45.125,4.4,4.79,4.97,2.06,2.34,2.59,130.041,109.96,29.44
2025-01-14,78.82,79.09,77.41,77.5,79.92,,3.93,4.059,3.736,3.968,33.51,2.1046,5842.91,45.61,4.37,4.78,4.98,2.04,2.34,2.61,129.381,109.27,29.18
2025-01-15,78.03,80.77,77.24,80.04,82.03,,3.955,4.141,3.859,4.083,32.93,2.1589,5949.91,46.285,4.27,4.66,4.88,1.93,2.24,2.53,129.209,109.09,29.33
2025-01-16,80.4,80.59,77.87,78.68,81.29,,4.13,4.328,4.018,4.258,33.13,2.1232,5937.34,46.62,4.23,4.61,4.84,1.88,2.19,2.51,129.436,108.96,29.24
2025-01-17,78.75,79.44,77.76,77.88,80.79,,4.28,4.308,3.91,3.948,33.52,2.1122,5996.66,46.98,4.27,4.61,4.84,1.9,2.2,2.51,129.486,109.35,29.61
2025-01-21,78.19,78.47,75.49,75.89,79.29,,3.815,3.914,3.719,3.756,35.1,2.0843,6049.24,46.74,4.29,4.57,4.8,1.93,2.19,2.48,128.415,108.06,29.68
2025-01-22,75.88,76.45,75.28,75.44,79,,3.786,4.009,3.711,3.96,34.68,2.0578,6086.37,45.89,4.29,4.6,4.82,1.95,2.2,2.48,128.34,108.17,29.56
2025-01-23,75.39,76,74.14,74.62,78.29,,4.001,4.048,3.861,3.945,34.18,2.0656,6118.71,46.1,4.29,4.65,4.87,1.93,2.23,2.5,128.216,108.05,30.05
2025-01-24,74.3,75.21,74.01,74.66,78.5,,3.933,4.05,3.808,4.027,29.98,2.049,6101.24,45.655,4.27,4.63,4.85,1.91,2.2,2.47,127.461,107.44,30.47
2025-01-27,74.54,75.15,72.38,73.17,77.08,,3.785,3.827,3.609,3.697,35.98,2.0282,6012.28,45.18,4.17,4.53,4.76,1.83,2.13,2.4,128.091,107.34,29.57
2025-01-28,73.15,74.31,72.93,73.77,77.49,,3.699,3.72,3.361,3.471,31.95,2.0526,6067.7,44.75,4.19,4.55,4.78,1.81,2.13,2.42,128.282,107.87,30.05
2025-01-29,73.95,74.08,72.33,72.62,76.58,,3.335,3.588,3.313,3.535,33.02,2.0357,6039.31,44.85,4.21,4.55,4.79,1.83,2.15,2.42,128.342,108,30.84
2025-01-30,73,73.84,72.02,72.73,76.87,,3.175,3.24,3.035,3.047,31.05,2.0374,6071.17,45.08,4.18,4.52,4.76,1.81,2.14,2.42,128.1,107.8,30.68
2025-01-31,73.2,73.84,71.94,72.53,76.76,,3.081,3.118,2.99,3.044,29.96,2.0365,6040.53,43.82,4.22,4.58,4.83,1.82,2.16,2.46,128.483,108.37,30.99
2025-02-01,,,,,,76.3215,,,,,,,,,,,,,,,,,
2025-02-03,74.14,75.18,72.05,73.16,75.96,,3.23,3.407,3.23,3.352,35.3,2.1177,5994.57,44.095,4.26,4.54,4.77,1.74,2.09,2.39,129.109,108.99,30.13
2025-02-04,72.35,73.35,70.67,72.7,76.2,,3.327,3.35,3.168,3.253,33.62,2.099,6037.88,45.02,4.21,4.52,4.75,1.72,2.08,2.37,128.108,107.96,30.21
2025-02-05,72.76,72.97,70.96,71.03,74.61,,3.229,3.375,3.161,3.36,34.25,2.0507,6061.48,45.115,4.17,4.43,4.64,1.67,2.01,2.29,127.975,107.58,30.28
2025-02-06,71.18,71.85,70.43,70.61,74.29,,3.355,3.434,3.303,3.408,36.25,2.0747,6083.57,44.285,4.21,4.45,4.65,1.71,2.03,2.3,128.202,107.69,30.39
2025-02-07,70.56,71.41,70.47,71,74.66,,3.38,3.435,3.296,3.309,29.66,2.105,6025.99,44.28,4.29,4.49,4.69,1.75,2.07,2.35,128.429,108.04,30.36
2025-02-10,71,72.54,70.84,72.32,75.87,,3.406,3.487,3.352,3.444,32.09,2.1042,6066.44,45.255,4.28,4.51,4.71,1.74,2.07,2.36,128.638,108.32,30.54
2025-02-11,72.49,73.68,72.31,73.32,77,,3.442,3.576,3.431,3.519,29.76,2.1473,6068.5,45.62,4.29,4.54,4.75,1.73,2.08,2.38,128.432,107.96,30.54
2025-02-12,73.2,73.22,71.17,71.37,75.18,,3.51,3.583,3.469,3.565,31.79,2.0896,6051.97,44.52,4.36,4.62,4.83,1.82,2.16,2.46,128.329,107.94,30.26
2025-02-13,71.24,71.6,70.22,71.29,75.02,,3.591,3.786,3.583,3.628,31.47,2.1107,6115.07,44.855,4.31,4.52,4.72,1.75,2.08,2.38,127.893,107.31,29.75
2025-02-14,71.52,72.02,70.52,70.74,74.74,,3.65,3.801,3.635,3.725,28.46,2.0899,6114.63,45.035,4.26,4.47,4.69,1.71,2.04,2.36,127.149,106.57,30.47
2025-02-18,70.7,72.07,70.12,71.85,75.84,,3.614,4.017,3.554,4.007,27.47,2.0867,6129.58,45.65,4.29,4.55,4.77,1.75,2.1,2.41,127.291,107.05,29.1
2025-02-19,71.78,73.04,71.71,72.25,76.04,,4.013,4.394,3.947,4.28,28.36,2.0865,6144.15,46.01,4.28,4.53,4.76,1.71,2.08,2.4,127.732,107.17,28.38
2025-02-20,72.18,73.25,71.85,72.57,76.48,,4.381,4.476,4.034,4.152,29.3,2.0865,6117.52,46.43,4.28,4.5,4.74,1.68,2.05,2.39,127.113,106.34,28.26
2025-02-21,72.58,72.77,70.17,70.4,74.43,,4.174,4.444,4.148,4.234,35.79,2.0267,6013.13,45.465,4.19,4.42,4.67,1.65,2,2.35,127.141,106.61,28.61
2025-02-24,69.8,70.94,69.8,70.7,74.78,,4.065,4.09,3.906,3.994,31.3,2.011,5983.25,45.475,4.13,4.4,4.66,1.62,1.98,2.33,127.192,106.6,28.66
2025-02-25,70.92,71.26,68.68,68.93,73.02,,3.987,4.186,3.935,4.174,32.77,1.9673,5955.25,44.82,4.07,4.3,4.55,1.55,1.92,2.27,127.375,106.31,28.21
2025-02-26,69.11,69.28,68.36,68.62,72.53,,4.13,4.212,3.86,3.906,33.36,1.9489,5956.06,44.565,4.05,4.25,4.51,1.52,1.89,2.25,127.282,106.42,28.13
2025-02-27,68.82,70.54,68.61,70.35,74.04,,3.966,4.065,3.878,3.934,31.72,1.9966,5861.57,44.805,4.07,4.29,4.56,1.52,1.92,2.3,127.97,107.24,28.46
2025-02-28,70.17,70.29,69.14,69.76,73.18,,3.939,3.954,3.814,3.834,29.97,1.9703,5954.5,45.5,3.99,4.24,4.51,1.45,1.86,2.24,128.28,107.61,27.89
2025-03-01,,,,,,72.9781,,,,,,,,,,,,,,,,,
2025-03-03,69.95,70.6,67.89,68.37,71.62,,3.779,4.173,3.742,4.122,38.52,2.1878,5849.72,43.91,3.96,4.16,4.45,1.38,1.8,2.2,127.75,106.75,28.21
2025-03-04,68.46,68.56,66.77,68.26,71.04,,4.168,4.551,4.056,4.35,37.52,2.1942,5778.15,43.485,3.96,4.22,4.53,1.42,1.87,2.28,127.997,105.74,27.58
2025-03-05,68.08,68.1,65.22,66.31,69.3,,4.317,4.518,4.227,4.45,35.04,2.137,5842.63,42.85,3.99,4.28,4.57,1.52,1.94,2.33,126.504,105.74,27.9
2025-03-06,66.39,67.09,65.59,66.36,69.46,,4.466,4.471,4.254,4.302,37.14,2.1012,5738.52,42.98,3.96,4.29,4.58,1.53,1.95,2.33,126.11,104.06,27.66
2025-03-07,66.34,68.22,66.12,67.04,70.36,,4.286,4.426,4.132,4.399,29.75,2.1087,5770.2,43.715,3.99,4.32,4.62,1.57,1.99,2.36,125.981,103.84,28.03
2025-03-10,67.11,67.6,65.8,66.03,69.28,,4.467,4.901,4.447,4.491,34.82,2.0925,5614.56,44.04,3.89,4.22,4.54,1.49,1.91,2.31,126.268,103.91,28.05
2025-03-11,65.95,67.17,65.29,66.25,69.56,,4.461,4.588,4.334,4.453,31.83,2.105,5572.07,43.69,3.94,4.28,4.59,1.53,1.97,2.35,126.046,103.44,27.85
2025-03-12,66.62,67.88,66.15,67.68,70.95,,4.346,4.379,4.029,4.084,31.09,2.1501,5599.3,43.89,4.01,4.32,4.63,1.56,1.99,2.37,125.866,103.61,28.09
2025-03-13,67.69,67.94,66.37,66.55,69.88,,4.032,4.195,3.955,4.111,32.8,2.1331,5521.52,43.59,3.94,4.27,4.59,1.54,1.98,2.36,126.003,103.83,28.12
2025-03-14,66.78,67.48,66.59,67.18,70.58,,4.04,4.141,3.962,4.104,33.52,2.1487,5638.94,44.88,4.02,4.31,4.62,1.61,2.01,2.38,125.694,103.72,28.29
2025-03-17,67.35,68.37,67.25,67.58,71.07,,4.124,4.218,3.977,4.018,30.9,2.1812,5675.12,45.595,4.06,4.31,4.6,1.63,2.02,2.37,125.369,103.37,28.3
2025-03-18,67.4,68.72,66.56,66.9,70.56,,4.003,4.128,3.97,4.052,36.12,2.1684,5614.66,45.67,4.04,4.29,4.58,1.61,1.99,2.35,125.488,103.24,28.98
2025-03-19,66.72,67.63,66.21,67.16,70.78,,4.052,4.259,4.046,4.247,33.87,2.1696,5675.29,46.415,3.99,4.25,4.56,1.53,1.94,2.32,125.801,103.43,29.68
2025-03-20,67.29,68.47,66.88,68.26,72,,4.209,4.247,3.955,3.975,29.72,2.1911,5662.89,46.585,3.95,4.24,4.55,1.5,1.93,2.31,125.985,103.85,29.39
2025-03-21,68.35,68.65,67.65,68.28,72.16,,3.961,4.045,3.864,3.98,28.43,2.1954,5667.56,46.26,3.94,4.25,4.59,1.49,1.92,2.35,126.268,104.09,28.91
2025-03-24,68.35,69.33,67.95,69.11,73,,3.88,4.012,3.862,3.914,29.67,2.2066,5767.57,46.425,4.04,4.34,4.66,1.55,1.98,2.4,126.196,104.26,29.04
2025-03-25,69.16,69.68,68.52,69,73.02,,3.909,3.99,3.796,3.84,28.27,2.2087,5776.65,46.615,3.96,4.31,4.65,1.51,1.96,2.39,126.053,104.18,28.75
2025-03-26,69.16,70.22,69.06,69.65,73.79,,3.866,3.93,3.813,3.861,28.84,2.2328,5712.2,46.89,3.98,4.35,4.69,1.52,1.98,2.41,126.236,104.55,28.66
2025-03-27,69.96,69.97,69.12,69.92,74.03,,3.859,4.016,3.689,3.95,28.49,2.2464,5693.31,46.435,3.97,4.38,4.73,1.49,1.99,2.44,126.363,104.07,28.21
2025-03-28,69.91,70.09,68.87,69.36,73.63,,3.915,4.1,3.836,4.065,28.7,2.2347,5580.94,46.215,3.89,4.27,4.64,1.4,1.9,2.37,126.419,104.04,28.42
2025-03-31,69.43,71.83,68.81,71.48,74.74,,4.176,4.253,4.055,4.119,30.88,2.2831,5611.85,46.725,3.89,4.23,4.59,1.35,1.85,2.32,126.707,104.21,28.22
2025-04-01,71.39,72.1,71.03,71.2,74.49,68.4895,4.132,4.148,3.934,3.951,30.57,2.3025,5633.07,47,3.87,4.17,4.52,1.37,1.84,2.3,126.434,104.26,28.59
2025-04-02,71.2,72.28,70.59,71.71,74.95,,3.95,4.089,3.935,4.055,29.98,2.331,5670.97,47.065,3.91,4.2,4.54,1.44,1.88,2.32,126.381,103.81,28.22
2025-04-03,70.38,70.41,65.98,66.95,70.14,,4.011,4.203,3.968,4.138,35.45,2.1643,5396.52,43.37,3.71,4.06,4.49,1.25,1.78,2.31,124.732,102.07,27.76
2025-04-04,66.64,66.9,60.45,61.99,65.58,,4.119,4.153,3.811,3.837,44.72,2.0545,5074.08,39.38,3.68,4.01,4.41,1.38,1.83,2.28,125.813,103.02,26.69
2025-04-07,61.12,63.9,58.95,60.7,64.21,,3.811,3.939,3.6,3.655,52.81,2.0201,5062.25,39.125,3.73,4.15,4.58,1.51,1.96,2.42,126.828,103.26,26.15
2025-04-08,61.03,61.75,57.88,59.58,62.82,,3.63,3.783,3.462,3.465,55.26,1.9914,4982.77,38.22,3.71,4.26,4.71,1.53,2.04,2.52,126.867,102.96,26.44
2025-04-09,58.32,62.93,55.12,62.35,65.48,,3.481,3.829,3.336,3.816,42.9,2.0384,5456.9,41.18,3.91,4.34,4.72,1.61,2.07,2.5,126.628,102.9,25.87
2025-04-10,62.71,63.34,58.76,60.07,63.33,,3.747,3.751,3.466,3.557,49,1.9613,5268.05,38.49,3.84,4.4,4.86,1.72,2.21,2.68,125.089,100.87,25.85
2025-04-11,60.2,61.87,59.43,61.5,64.76,,3.52,3.576,3.394,3.527,50.88,1.9991,5363.36,39.445,3.96,4.48,4.85,1.82,2.28,2.68,124.016,99.78,26.99
2025-04-14,61.7,62.68,60.59,61.53,64.88,,3.5,3.613,3.312,3.325,47.76,2.0222,5405.97,39.585,3.84,4.38,4.8,1.67,2.15,2.6,123.66,99.64,27.45
2025-04-15,61.58,62.06,60.88,61.33,64.67,,3.345,3.378,3.216,3.329,42.31,2.0244,5396.63,39.525,3.84,4.35,4.79,1.67,2.16,2.63,123.776,100.22,27.33
2025-04-16,61.54,62.98,60.44,62.47,65.85,,3.318,3.318,3.204,3.247,43.56,2.0434,5275.7,39.85,3.77,4.29,4.74,1.62,2.12,2.6,123.272,99.38,27.75
2025-04-17,62.63,64.86,62.61,64.68,67.96,,3.262,3.334,3.191,3.245,41.27,2.0988,5282.7,40.75,3.81,4.34,4.8,1.69,2.11,2.59,123.13,99.38,27.69
2025-04-18,,,,,,,,,,,,,,,,,,,,,122.987,,
2025-04-21,64.3,64.42,62.45,63.08,66.26,,3.198,3.225,2.994,3.016,41.21,2.0653,5158.2,39.685,3.75,4.42,4.91,1.72,2.2,2.68,122.314,98.28,27.61
2025-04-22,63.43,65.09,63.43,64.31,67.44,,3.051,3.095,2.955,3.007,43.15,2.0996,5287.76,40.695,3.76,4.41,4.88,1.68,2.14,2.63,122.418,98.92,27.26
2025-04-23,64,64.87,61.53,62.27,66.12,,3.046,3.074,2.967,3.022,43.56,2.0839,5375.86,40.62,3.81,4.4,4.83,1.67,2.11,2.58,123.025,99.84,27.6
2025-04-24,62.34,63.31,61.99,62.79,66.55,,3.011,3.016,2.858,2.93,44.37,2.1057,5484.77,41.27,3.77,4.32,4.77,1.56,2.02,2.52,122.925,99.29,27.69
2025-04-25,62.86,63.41,61.8,63.02,66.87,,2.939,2.983,2.868,2.937,43.53,2.1189,5525.21,41.195,3.74,4.29,4.74,1.56,2.02,2.53,122.886,99.47,27.79
2025-04-28,63.49,63.92,61.48,62.05,65.86,,2.884,3.187,2.859,3.17,43.55,2.1058,5528.75,41.485,3.67,4.23,4.69,1.49,1.98,2.5,122.718,99.01,27.5
2025-04-29,61.87,62.07,60.12,60.42,64.25,,3.32,3.457,3.307,3.386,48.41,2.0712,5560.83,41.365,3.65,4.19,4.64,1.48,1.96,2.46,122.594,99.24,27.22
2025-04-30,60.16,60.43,57.91,58.21,63.12,,3.38,3.399,3.26,3.326,54.46,2.037,5569.06,40.25,3.6,4.17,4.66,1.43,1.94,2.47,122.592,99.47,27.63
2025-05-01,58.16,59.5,56.39,59.24,62.13,63.6073,3.353,3.54,3.34,3.479,51.96,2.0492,5604.14,40.4,3.7,4.25,4.74,1.51,2,2.53,123.141,100.25,27.83
2025-05-02,58.99,59.87,57.74,58.29,61.29,,3.446,3.673,3.418,3.63,50.59,2.0199,5686.67,40.99,3.83,4.33,4.79,1.61,2.06,2.56,122.496,100,28.55
2025-05-05,56.76,57.7,55.3,57.13,60.23,,3.671,3.747,3.531,3.55,42.58,2.0228,5650.38,40.25,3.83,4.36,4.83,1.62,2.08,2.58,122.261,99.83,28.21
2025-05-06,57.25,59.84,57.03,59.09,62.15,,3.568,3.648,3.423,3.463,42.14,2.0645,5606.91,40.26,3.78,4.3,4.81,1.56,2.04,2.56,122.042,99.24,28.82
2025-05-07,58.98,60.26,57.81,58.07,61.12,,3.487,3.656,3.487,3.621,42.66,2.0278,5631.28,40.275,3.78,4.26,4.77,1.54,2.01,2.54,122.117,99.61,29.21
2025-05-08,57.93,60.29,57.74,59.91,62.84,,3.632,3.723,3.527,3.592,40.6,2.0854,5663.94,40.805,3.9,4.37,4.83,1.61,2.08,2.59,122.757,100.64,29.2
2025-05-09,60.25,61.45,59.89,61.02,63.91,,3.621,3.815,3.613,3.795,39.82,2.1084,5659.91,41.215,3.88,4.37,4.83,1.61,2.08,2.6,122.519,100.34,29.1
2025-05-12,61.39,63.61,61.02,61.95,64.96,,3.775,3.84,3.608,3.646,37.5,2.1331,5844.19,42.29,3.98,4.45,4.89,1.74,2.16,2.64,123.486,101.79,29.65
2025-05-13,62,63.9,61.65,63.67,66.63,,3.677,3.728,3.57,3.647,36.71,2.166,5886.55,42.885,4.02,4.49,4.94,1.74,2.17,2.65,122.958,101,29.6
2025-05-14,63.62,63.68,62.75,63.15,66.09,,3.622,3.635,3.454,3.492,36.72,2.17,5892.58,42.625,4.05,4.53,4.97,1.73,2.16,2.65,122.675,101.04,29.33
2025-05-15,62.88,62.91,60.47,61.62,64.53,,3.467,3.499,3.335,3.362,37.4,2.1344,5916.93,42.805,3.96,4.45,4.91,1.66,2.11,2.61,122.817,100.88,29.59
2025-05-16,61.7,62.71,61.25,62.49,65.41,,3.372,3.449,3.305,3.334,37.88,2.1418,5958.38,42.74,3.98,4.43,4.89,1.64,2.09,2.59,123.074,101.09,28.86
2025-05-19,62.75,63.4,61.57,62.69,65.54,,3.269,3.27,3.098,3.113,38,2.1388,5963.6,42.185,3.97,4.46,4.92,1.64,2.1,2.6,122.419,100.43,28.95
2025-05-20,62.68,63.17,62.19,62.56,65.38,,3.107,3.453,3.107,3.427,34.62,2.1521,5940.46,41.795,3.97,4.48,4.96,1.65,2.13,2.65,122.32,100.12,29.87
2025-05-21,62.27,64.19,61.28,61.57,64.91,,3.415,3.513,3.336,3.368,39.12,2.1498,5844.61,41.025,4,4.58,5.08,1.72,2.23,2.75,121.75,99.56,29.67
2025-05-22,61.33,61.75,60.25,61.2,64.44,,3.356,3.381,3.238,3.253,41.44,2.1312,5842.01,40.865,4,4.54,5.05,1.69,2.2,2.73,122.043,99.96,29.38
2025-05-23,60.81,61.88,60.02,61.53,64.78,,3.283,3.35,3.217,3.334,43.13,2.1092,5802.82,40.995,4,4.51,5.04,1.68,2.18,2.73,121.384,99.11,29.35
2025-05-26,,,,,,,,,,,,,,,,,,,,,,98.93,
2025-05-27,61.7,62.14,60.26,60.89,64.09,,3.376,3.445,3.214,3.398,41.94,2.0715,5921.54,41.35,3.92,4.43,4.94,1.63,2.11,2.65,121.61,99.52,29.13
2025-05-28,61.04,62.54,60.85,61.84,64.9,,3.405,3.511,3.152,3.204,40.42,2.0892,5888.55,40.825,3.96,4.47,4.97,1.66,2.15,2.67,121.989,99.88,29.18
2025-05-29,61.83,63.07,60.55,60.94,64.15,,3.535,3.576,3.437,3.522,40.26,2.0594,5912.17,41.13,3.92,4.43,4.92,1.62,2.11,2.63,121.562,99.28,28.93
2025-05-30,60.94,61.72,59.74,60.79,63.9,,3.535,3.564,3.44,3.447,40.71,2.0384,5911.69,40.765,3.89,4.41,4.92,1.57,2.07,2.61,121.767,99.33,28.75
2025-06-01,,,,,,69.3629,,,,,,,,,,,,,,,,,
2025-06-02,61.11,63.88,61.06,62.52,64.63,,3.501,3.75,3.501,3.694,38.7,2.0525,5935.94,41.3,3.94,4.46,4.99,1.63,2.13,2.68,121.188,98.7,29.15
2025-06-03,63.02,63.89,62.4,63.41,65.63,,3.748,3.764,3.63,3.722,37.75,2.0788,5970.37,41.79,3.96,4.46,4.98,1.66,2.14,2.68,121.459,99.25,29.5
2025-06-04,63.36,63.96,62.17,62.85,64.86,,3.729,3.74,3.661,3.716,37.7,2.034,5970.81,40.975,3.87,4.37,4.89,1.61,2.06,2.6,121.054,98.79,29.35
2025-06-05,62.76,63.98,62.5,63.37,65.34,,3.703,3.791,3.62,3.677,34.89,2.0629,5939.3,40.935,3.92,4.4,4.88,1.68,2.11,2.61,120.96,98.74,29.67
2025-06-06,63.33,64.8,62.82,64.58,66.47,,3.653,3.817,3.649,3.784,35.72,2.0768,6000.36,41.705,4.04,4.51,4.97,1.78,2.2,2.68,121.161,99.19,29.62
2025-06-09,64.8,65.43,64.2,65.29,67.04,,3.719,3.769,3.581,3.635,34.42,2.0952,6005.88,41.785,4.01,4.49,4.95,1.75,2.18,2.67,120.91,98.94,29.79
2025-06-10,65.46,66.28,64.57,64.98,66.87,,3.612,3.662,3.515,3.533,35.05,2.088,6038.81,42.53,4.01,4.47,4.93,1.76,2.18,2.66,121.049,99.05,29.71
2025-06-11,64.76,68.37,64.6,68.15,69.77,,3.526,3.626,3.453,3.507,43.24,2.1668,6022.24,43.145,3.94,4.41,4.91,1.72,2.14,2.65,120.587,98.63,30.14
2025-06-12,69.03,69.29,66.72,68.04,69.36,,3.519,3.644,3.466,3.492,45.37,2.1429,6045.26,43.295,3.9,4.36,4.84,1.69,2.11,2.6,120.172,97.92,30.61
2025-06-13,68.9,77.62,68.49,72.98,74.23,,3.541,3.623,3.499,3.581,57.23,2.2276,5976.97,44.05,3.96,4.41,4.9,1.71,2.13,2.64,120.325,98.18,30.77
2025-06-16,76.54,77.49,69.38,71.77,73.23,,3.704,3.76,3.634,3.748,56.6,2.2199,6033.11,43.92,3.97,4.46,4.96,1.72,2.16,2.67,120.156,98,30.51
2025-06-17,71.11,75.54,71,74.84,76.45,,3.746,3.881,3.72,3.851,71.56,2.2719,5982.72,44.33,3.94,4.39,4.88,1.64,2.08,2.59,120.505,98.82,30.43
2025-06-18,75.61,76.07,72.94,75.14,76.7,,3.862,4.002,3.814,3.989,66.86,2.3086,5980.87,44.04,3.94,4.38,4.88,1.62,2.07,2.6,120.731,98.91,30.63
2025-06-20,74.6,77.58,74.3,74.93,77.01,,3.985,4.148,3.818,3.847,64.67,2.3295,5967.84,44.49,3.9,4.38,4.89,1.59,2.05,2.59,121.041,98.71,30.4
2025-06-23,78,78.4,66.6,68.51,71.48,,3.949,3.949,3.666,3.698,53.65,2.2182,6025.17,43.015,3.84,4.34,4.87,1.58,2.04,2.59,121.169,98.42,30.49
2025-06-24,67.74,67.83,64,64.37,67.14,,3.681,3.684,3.53,3.537,48.8,2.0857,6092.18,42.455,3.75,4.3,4.83,1.56,2.01,2.57,120.365,97.86,30.71
2025-06-25,65.12,66.03,64.51,64.92,67.68,,3.549,3.587,3.372,3.406,42.75,2.0824,6092.16,42.27,3.74,4.29,4.83,1.55,2.01,2.56,120.334,97.68,30.23
2025-06-26,64.98,66.42,64.66,65.24,67.73,,3.394,3.425,3.199,3.261,41.86,2.099,6141.02,42.875,3.7,4.26,4.81,1.5,1.98,2.55,119.645,97.15,30
2025-06-27,65.3,66.09,64.8,65.52,67.77,,3.53,3.751,3.513,3.739,41.23,2.0898,6173.07,42.65,3.73,4.29,4.85,1.52,2,2.57,119.659,97.4,30.17
2025-06-30,65.15,65.82,64.5,65.11,67.61,,3.735,3.738,3.421,3.456,38.89,2.0798,6204.95,42.405,3.72,4.24,4.78,1.48,1.95,2.51,119.409,96.88,29.69
2025-07-01,64.96,65.98,64.67,65.45,67.11,71.043,3.453,3.468,3.293,3.415,38,2.1003,6198.01,42.73,3.78,4.26,4.78,1.52,1.97,2.52,119.344,96.82,30.1
2025-07-02,65.56,67.58,65.23,67.45,69.11,,3.417,3.52,3.366,3.488,40.24,2.1229,6227.42,43.465,3.78,4.3,4.82,1.53,2,2.54,119.304,96.78,30.38
2025-07-03,67.5,67.58,66.53,67,68.8,,3.5,3.574,3.392,3.409,37.75,2.1186,6279.35,43.515,3.88,4.35,4.86,1.57,2.02,2.57,119.238,97.18,30.48
2025-07-04,67.13,67.18,66.04,66.5,68.29,,3.403,3.435,3.366,3.387,,2.1171,,,,,,,,,,,
2025-07-07,65.7,68.32,65.4,67.93,69.58,,3.344,3.472,3.275,3.412,41.23,2.1522,6229.98,43.095,3.9,4.4,4.92,1.56,2.05,2.62,119.62,97.48,29.86
2025-07-08,67.96,68.91,67.33,68.33,70.15,,3.406,3.469,3.325,3.34,35.71,2.185,6225.52,44.255,3.9,4.42,4.94,1.6,2.07,2.63,119.837,97.51,29.76
2025-07-09,68.18,68.94,67.7,68.38,70.19,,3.348,3.359,3.149,3.214,34.17,2.1879,6263.26,44.03,3.86,4.34,4.87,1.54,2.01,2.58,119.731,97.47,29.86
2025-07-10,68.29,68.65,66.45,66.57,68.64,,3.208,3.398,3.191,3.337,32.8,2.1524,6280.46,44.365,3.86,4.35,4.86,1.54,2.01,2.57,119.834,97.65,29.89
2025-07-11,66.85,68.77,66.5,68.45,70.36,,3.365,3.418,3.293,3.314,37.06,2.187,6259.75,44.565,3.9,4.43,4.96,1.55,2.06,2.64,119.921,97.85,29.9
2025-07-14,68.68,69.65,66.8,66.98,69.21,,3.404,3.499,3.383,3.466,33.53,2.1654,6268.56,44.075,3.9,4.43,4.97,1.53,2.04,2.64,120.221,98.08,29.93
2025-07-15,66.86,67.13,66.22,66.52,68.71,,3.447,3.542,3.401,3.523,34.38,2.1696,6243.76,43.44,3.95,4.5,5.01,1.57,2.09,2.67,120.51,98.62,30
2025-07-16,66.73,67.01,65.42,66.38,68.52,,3.519,3.598,3.491,3.551,33.16,2.144,6263.7,43.065,3.88,4.46,5.01,1.5,2.05,2.66,120.418,98.39,30.29
2025-07-17,66.6,67.69,66.29,67.54,69.52,,3.557,3.629,3.511,3.542,32.84,2.1704,6297.36,43.33,3.91,4.47,5.01,1.48,2.04,2.64,120.638,98.73,30.09
2025-07-18,67.6,68.96,67.2,67.34,69.28,,3.519,3.628,3.494,3.565,32.17,2.1534,6296.79,42.98,3.88,4.44,5,1.46,2.03,2.65,120.356,98.48,30
2025-07-21,67.32,67.76,66.46,67.2,69.21,,3.464,3.475,3.287,3.325,31.38,2.1319,6305.6,42.535,3.85,4.38,4.94,1.42,1.98,2.6,119.996,97.85,29.89
2025-07-22,67.12,67.13,65.99,66.21,68.59,,3.317,3.331,3.21,3.252,32.26,2.1019,6309.62,42.735,3.83,4.35,4.9,1.41,1.96,2.59,119.681,97.39,29.9
2025-07-23,65.49,65.78,64.71,65.25,68.51,,3.253,3.267,3.061,3.077,32.39,2.1213,6358.91,43.405,3.88,4.4,4.95,1.5,2.03,2.64,119.57,97.21,30.08
2025-07-24,65.42,66.39,65.33,66.03,69.18,,3.07,3.166,3.065,3.094,32.37,2.1042,6363.35,43.715,3.91,4.43,4.96,1.48,1.98,2.62,119.566,97.38,30.4
2025-07-25,66.15,66.74,65,65.16,68.44,,3.11,3.145,3.068,3.11,32.88,2.097,6388.64,43.55,3.91,4.4,4.92,1.48,1.96,2.6,119.986,97.65,30.53
2025-07-28,65.15,67.14,65.05,66.71,70.04,,3.093,3.14,2.984,2.988,35.37,2.1352,6389.77,44.045,3.91,4.42,4.96,1.49,1.98,2.63,120.615,98.66,30.15
2025-07-29,67.04,69.76,66.53,69.21,72.51,,3.034,3.112,3.011,3.081,38.04,2.2184,6370.86,44.475,3.86,4.34,4.86,1.42,1.91,2.56,120.967,98.91,30.66
2025-07-30,69.34,70.51,68.45,70,73.24,,3.164,3.186,3.014,3.045,37.75,2.2691,6362.9,43.84,3.94,4.38,4.89,1.48,1.96,2.6,121.404,99.94,30.39
2025-07-31,70.3,70.41,68.56,69.26,72.53,,3.026,3.114,2.972,3.106,36.78,2.2156,6339.39,43.605,3.94,4.37,4.89,1.5,1.98,2.62,121.721,100.03,30.19
2025-08-01,69.35,69.58,67.05,67.33,69.67,69.3881,3.1,3.131,3.051,3.083,39.37,2.1186,6238.01,42.795,3.69,4.23,4.81,1.39,1.9,2.58,121.212,98.69,30.09
2025-08-04,66.85,67.74,65.46,66.29,68.76,,3.065,3.078,2.895,2.932,38.79,2.1022,6329.94,42.7,3.69,4.22,4.8,1.34,1.85,2.55,120.986,98.78,30
2025-08-05,66.21,66.39,65.03,65.16,67.64,,2.946,3.041,2.929,3.01,35.3,2.0915,6299.19,42.755,3.72,4.22,4.78,1.36,1.86,2.54,120.908,98.78,30.21
2025-08-06,65.15,66.75,63.64,64.35,66.89,,3.015,3.096,2.945,3.077,36.67,2.0904,6345.06,42.36,3.69,4.22,4.81,1.37,1.88,2.57,120.508,98.18,30.2
2025-08-07,64.36,65.11,63.7,63.88,66.43,,3.099,3.148,3.035,3.067,35.01,2.0775,6340,42.195,3.72,4.23,4.81,1.38,1.88,2.56,120.504,98.4,30.52
2025-08-08,63.85,64.58,62.77,63.88,66.59,,3.086,3.106,2.96,2.99,34.06,2.0861,6389.45,42.465,3.76,4.27,4.85,1.38,1.88,2.57,120.333,98.18,30.86
2025-08-11,63.48,64.44,63.02,63.96,66.63,,2.895,3,2.881,2.954,31.4,2.0766,6373.45,42.125,3.76,4.27,4.84,1.37,1.87,2.57,120.689,98.52,30.57
2025-08-12,64,64.34,63.06,63.17,66.12,,2.978,2.985,2.774,2.808,30.31,2.0744,6445.76,42.33,3.72,4.29,4.88,1.4,1.91,2.61,120.274,98.1,30.45
2025-08-13,63.07,63.38,61.94,62.65,65.63,,2.784,2.851,2.764,2.828,33.82,2.0704,6466.58,42.82,3.67,4.24,4.83,1.35,1.87,2.57,120.13,97.84,30.57
2025-08-14,62.79,64.1,62.58,63.96,66.84,,2.818,2.852,2.774,2.841,35.96,2.1092,6468.54,42.78,3.74,4.29,4.88,1.39,1.9,2.6,120.645,98.25,30.29
2025-08-15,63.91,64.15,62.68,62.8,65.85,,2.85,2.966,2.836,2.916,37.22,2.0725,6449.8,42.78,3.75,4.33,4.92,1.43,1.95,2.65,120.338,97.85,30.23
2025-08-18,63,63.79,62.18,63.42,66.6,,2.877,2.922,2.799,2.89,32.15,2.0987,6449.15,42.525,3.77,4.34,4.94,1.44,1.96,2.67,120.562,98.17,30.51
2025-08-19,63.27,63.39,62.25,62.35,65.79,,2.905,2.912,2.725,2.766,33.04,2.089,6411.37,42.54,3.75,4.3,4.9,1.43,1.95,2.64,120.722,98.27,30.39
2025-08-20,62.6,63.55,62.39,63.21,66.84,,2.757,2.777,2.725,2.752,32.51,2.1283,6395.78,42.895,3.74,4.29,4.89,1.41,1.94,2.64,120.776,98.22,30.46
2025-08-21,62.85,63.67,62.52,63.52,67.67,,2.765,2.849,2.74,2.826,31.54,2.1597,6370.17,43.19,3.79,4.33,4.92,1.42,1.94,2.65,121.084,98.62,30.79
2025-08-22,63.5,63.93,63.31,63.66,67.73,,2.813,2.819,2.689,2.698,30.35,2.1585,6466.91,44.07,3.68,4.26,4.88,1.28,1.85,2.59,120.277,97.72,30.92
2025-08-25,63.88,65.1,63.53,64.8,68.8,,2.639,2.717,2.622,2.696,31.24,2.1483,6439.32,44.185,3.73,4.28,4.89,1.31,1.87,2.6,120.421,98.43,30.72
2025-08-26,64.75,64.76,63.13,63.25,67.22,,2.711,2.742,2.654,2.717,33.73,2.1223,6465.94,44.115,3.61,4.26,4.9,1.25,1.84,2.6,120.527,98.23,30.9
2025-08-27,63.31,64.23,62.95,64.15,68.05,,2.738,2.906,2.676,2.867,31.94,2.1489,6481.4,44.61,3.59,4.24,4.91,1.19,1.81,2.61,120.727,98.23,30.83
2025-08-28,63.87,64.7,63.35,64.6,68.62,,2.874,2.999,2.85,2.944,33.98,2.1991,6501.86,44.95,3.62,4.22,4.88,1.2,1.81,2.6,120.26,97.81,30.8
2025-08-29,64.26,64.55,63.88,64.01,68.12,,2.985,3.023,2.921,2.997,32.63,2.1876,6460.26,45.195,3.59,4.23,4.92,1.21,1.82,2.62,120.208,97.77,31.18
2025-09-01,,,,,,69.9191,,,,,,,,,,,,,,,,,
2025-09-02,63.95,66.03,63.66,65.59,69.14,,2.972,3.065,2.869,3.009,34.28,2.0428,6415.54,45.26,3.66,4.28,4.97,1.26,1.87,2.67,120.684,98.4,31.43
2025-09-03,65.62,65.72,63.72,63.97,67.6,,2.992,3.131,2.964,3.064,35.22,2.012,6448.26,44.245,3.61,4.22,4.9,1.23,1.82,2.61,120.505,98.14,31.71
2025-09-04,63.82,63.84,62.72,63.48,66.99,,3.075,3.13,3.022,3.074,35.03,2.0095,6502.08,44.54,3.59,4.17,4.86,1.21,1.79,2.59,120.763,98.35,31.76
2025-09-05,63.33,63.49,61.45,61.87,65.5,,3.078,3.13,3.021,3.048,33.33,1.9642,6481.5,43.68,3.51,4.1,4.78,1.17,1.73,2.52,120.128,97.77,32.02
2025-09-08,62,63.34,61.85,62.26,66.02,,3.087,3.198,3.056,3.09,35.03,1.9586,6495.15,43.58,3.49,4.05,4.69,1.16,1.7,2.46,120.097,97.45,32.25
2025-09-09,62.43,63.67,62.37,62.63,66.39,,3.098,3.165,3.046,3.117,33.44,1.9925,6512.61,43.79,3.54,4.08,4.72,1.18,1.72,2.48,120.157,97.79,32.19
2025-09-10,62.74,64.08,62.72,63.67,67.49,,3.107,3.117,3.008,3.029,33.35,2.008,6532.04,44.555,3.54,4.04,4.69,1.18,1.69,2.46,120.122,97.78,32.74
2025-09-11,63.8,63.8,62.21,62.37,66.37,,3.029,3.062,2.911,2.934,33.96,1.9793,6587.47,44.565,3.52,4.01,4.65,1.18,1.67,2.41,119.953,97.54,32.5
2025-09-12,62.27,63.98,61.69,62.69,66.99,,2.918,3,2.897,2.941,31.77,1.9854,6584.29,44.3,3.56,4.06,4.68,1.21,1.7,2.43,120.061,97.55,32.68
2025-09-15,62.97,63.67,62.52,63.3,67.44,,2.951,3.05,2.916,3.043,30.98,2.0134,6615.28,44.15,3.54,4.05,4.66,1.2,1.68,2.42,119.564,97.3,33.35
2025-09-16,63.31,64.76,62.89,64.52,68.47,,3.045,3.138,2.869,3.103,33.17,2.0416,6606.76,44.89,3.51,4.04,4.65,1.17,1.67,2.4,119.135,96.63,33.34
2025-09-17,64.59,64.67,63.69,64.05,67.95,,3.117,3.168,3.068,3.1,31.05,2.0287,6600.35,44.995,3.52,4.06,4.66,1.19,1.68,2.4,119.158,96.87,32.93
2025-09-18,63.99,64.55,63.33,63.57,67.44,,3.076,3.107,2.925,2.939,31.88,2.0114,6631.96,44.855,3.57,4.11,4.72,1.23,1.73,2.46,119.662,97.35,33.12
2025-09-19,63.59,63.65,62.6,62.68,66.68,,2.939,2.949,2.857,2.888,30.53,1.9707,6664.36,44.26,3.57,4.14,4.75,1.25,1.75,2.47,119.786,97.64,33.06
2025-09-22,62.74,63.18,61.98,62.64,66.57,,2.909,2.945,2.804,2.806,30.88,1.9782,6693.75,43.835,3.61,4.15,4.77,1.29,1.78,2.5,119.815,97.33,32.77
2025-09-23,62.33,63.89,61.85,63.41,67.63,,2.806,2.87,2.772,2.853,32.58,1.9991,6656.92,44.59,3.53,4.12,4.73,1.26,1.75,2.47,119.62,97.26,32.94
2025-09-24,63.64,65.05,63.25,64.99,69.31,,2.863,2.914,2.816,2.858,34.08,2.0188,6637.97,45.17,3.57,4.16,4.76,1.28,1.78,2.49,120.171,97.87,32.68
2025-09-25,64.8,65.34,64.06,64.98,69.42,,2.879,2.968,2.848,2.904,36.85,2.0022,6604.72,45.575,3.64,4.18,4.75,1.33,1.8,2.49,120.542,98.55,32.33
2025-09-26,65.2,66.42,64.66,65.72,70.13,,2.912,2.944,2.788,2.835,35.85,2.0376,6643.7,45.995,3.63,4.2,4.77,1.34,1.82,2.51,120.435,98.15,32.51
2025-09-29,65.07,65.4,62.98,63.45,67.97,,3.149,3.299,3.133,3.267,35.54,1.9951,6661.21,45.15,3.63,4.15,4.71,1.33,1.8,2.47,120.115,97.91,32.8
2025-09-30,63.14,63.26,62.03,62.37,67.02,,3.279,3.351,3.245,3.303,35.58,1.9729,6688.46,44.67,3.6,4.16,4.73,1.32,1.8,2.49,120.137,97.77,32.4
2025-10-01,62.46,62.89,61.4,61.78,65.35,64.5987,3.331,3.492,3.318,3.476,36.39,1.8859,6711.2,44.67,3.55,4.12,4.72,1.29,1.77,2.48,120.15,97.71,32.67
2025-10-02,61.78,62.54,60.4,60.48,64.11,,3.457,3.585,3.402,3.442,37.62,1.851,6715.35,44.22,3.55,4.1,4.69,1.3,1.76,2.46,120.43,97.85,33.07
2025-10-03,60.7,61.38,60.55,60.88,64.53,,3.413,3.451,3.307,3.324,36.5,1.8605,6715.79,44.455,3.58,4.13,4.71,1.34,1.8,2.48,120.088,97.72,33.74
2025-10-06,61.14,62.12,61.04,61.69,65.47,,3.3,3.485,3.296,3.357,32.44,1.9016,6740.28,44.675,3.6,4.18,4.76,1.37,1.84,2.52,120.272,98.11,33.8
2025-10-07,61.73,62.11,60.72,61.73,65.45,,3.398,3.524,3.355,3.498,31.82,1.8939,6714.59,44.745,3.57,4.14,4.73,1.32,1.79,2.47,120.488,98.58,33.4
2025-10-08,62.05,62.92,62.05,62.55,66.25,,3.524,3.55,3.316,3.333,31.53,1.9095,6753.72,44.485,3.58,4.13,4.72,1.33,1.78,2.46,120.777,98.85,33.62
2025-10-09,62.31,62.87,61.25,61.51,65.22,,3.336,3.393,3.235,3.269,32.48,1.8826,6735.11,43.88,3.6,4.14,4.72,1.35,1.8,2.47,121.09,99.54,33.54
2025-10-10,61.49,61.67,58.22,58.9,62.73,,3.239,3.253,3.089,3.106,37.73,1.8204,6552.51,42.61,3.52,4.05,4.63,1.3,1.75,2.41,121.116,98.98,33.58
2025-10-13,59,60.17,59,59.49,63.32,,3.1,3.138,3.029,3.118,35.92,1.8438,6654.72,43.19,,,,,,,,99.27,33.24
2025-10-14,59.58,59.82,57.68,58.7,62.39,,3.103,3.106,3.004,3.028,37.9,1.8286,6644.31,43.185,3.48,4.03,4.62,1.27,1.73,2.4,121.182,99.05,32.99
2025-10-15,58.6,59.42,58.2,58.27,61.91,,3.029,3.041,2.964,3.016,36.62,1.8344,6671.06,43.16,3.5,4.05,4.64,1.3,1.76,2.42,120.864,98.79,33.43
2025-10-16,58.77,59.11,57.26,57.46,61.06,,3.036,3.067,2.922,2.938,38.26,1.8117,6629.07,42.64,3.41,3.99,4.58,1.26,1.71,2.37,120.67,98.39,33.92
2025-10-17,57.5,57.72,56.6,57.54,61.29,,2.926,3.024,2.893,3.008,37.24,1.8377,6664.01,42.99,3.46,4.02,4.6,1.3,1.75,2.4,120.703,98.43,33.88
2025-10-20,57.73,57.81,56.35,57.52,61.01,,3.16,3.43,3.136,3.397,36.77,1.8302,6735.13,43.445,3.46,4,4.58,1.3,1.74,2.39,120.621,98.59,33.97
2025-10-21,57.37,58.28,56.99,57.82,61.32,,3.421,3.504,3.357,3.474,35.87,1.8253,6735.35,43.345,3.45,3.98,4.55,1.26,1.7,2.35,120.889,98.93,33.7
2025-10-22,57.59,59.83,57.34,58.5,62.59,,3.487,3.572,3.386,3.45,38.09,1.865,6699.4,43.9,3.45,3.97,4.54,1.24,1.68,2.34,120.896,98.9,33.51
2025-10-23,59.94,62.2,59.64,61.79,65.99,,3.439,3.507,3.29,3.344,40.46,1.9269,6738.44,44.485,3.48,4.01,4.58,1.19,1.71,2.36,120.953,98.94,33.42
2025-10-24,61.79,62.59,61.21,61.5,65.94,,3.285,3.397,3.2,3.304,38.7,1.9227,6791.69,44.035,3.48,4.02,4.59,1.21,1.73,2.37,120.934,98.95,33.49
2025-10-27,61.82,62.17,60.67,61.31,65.62,,3.41,3.469,3.261,3.442,38.96,1.9204,6875.16,44.14,3.48,4.01,4.57,1.24,1.73,2.36,120.799,98.78,33.42
2025-10-28,61.5,61.5,59.76,60.15,64.4,,3.411,3.435,3.239,3.345,37.18,1.9252,6890.89,43.68,3.47,3.99,4.55,1.24,1.71,2.33,120.636,98.69,33.61
2025-10-29,60.18,61.02,59.7,60.48,64.92,,3.271,3.405,3.193,3.376,37.14,1.9737,6890.59,44.005,3.59,4.08,4.61,1.33,1.78,2.38,120.531,99.22,33.66
2025-10-30,60.39,60.79,59.64,60.57,65,,3.798,4.071,3.786,3.956,34.74,2.0034,6822.34,43.745,3.61,4.11,4.65,1.34,1.82,2.43,121.283,99.53,33.72
2025-10-31,60.3,61.38,59.99,60.98,65.07,,4.061,4.157,4.015,4.124,36.2,1.9931,6840.2,44.065,3.6,4.11,4.67,1.31,1.81,2.44,121.386,99.8,33.55
2025-11-01,,,,,,64.3555,,,,,,,,,,,,,,,,,
2025-11-03,61.4,61.5,60.51,61.05,64.89,,4.16,4.298,4.087,4.266,34.31,1.9161,6851.97,44.07,3.6,4.13,4.69,1.31,1.82,2.47,121.451,99.87,34.05
2025-11-04,61.03,61.03,59.94,60.56,64.44,,4.256,4.396,4.183,4.343,34.27,1.9228,6771.55,43.595,3.58,4.1,4.67,1.31,1.81,2.45,121.827,100.22,34.17
2025-11-05,60.43,61.09,59.52,59.6,63.52,,4.32,4.351,4.206,4.232,33.69,1.9093,6796.29,43.71,3.63,4.17,4.74,1.37,1.87,2.5,121.848,100.2,33.98
2025-11-06,59.68,60.51,58.83,59.43,63.38,,4.239,4.42,4.192,4.357,33.76,1.9656,6720.32,44.135,3.57,4.11,4.69,1.32,1.83,2.47,121.695,99.73,33.7
2025-11-07,59.65,60.46,59.32,59.75,63.63,,4.413,4.419,4.268,4.315,33.33,1.9403,6728.8,44.77,3.55,4.11,4.7,1.31,1.83,2.48,121.388,99.6,33.64
2025-11-10,59.87,60.48,59.41,60.13,64.06,,4.48,4.509,4.262,4.338,32.12,1.9711,6832.43,45.175,3.58,4.13,4.71,1.34,1.84,2.48,121.298,99.62,33.68
2025-11-11,60.07,61.28,59.66,61.04,65.16,,4.375,4.581,4.276,4.565,32.02,2.012,6846.61,45.765,,,,,,,,99.46,33.81
2025-11-12,61.05,61.06,58.3,58.49,62.71,,4.526,4.582,4.461,4.533,33,1.9554,6850.92,45.125,3.56,4.08,4.67,1.31,1.81,2.44,121.046,99.48,34.13
2025-11-13,58.47,59.21,58.12,58.69,63.01,,4.535,4.688,4.454,4.646,32.63,1.9597,6737.49,45.24,3.58,4.11,4.7,1.34,1.83,2.48,120.772,99.18,33.7
2025-11-14,58.71,60.65,58.71,60.09,64.39,,4.597,4.635,4.376,4.566,33.12,2.0116,6734.11,46.01,3.62,4.14,4.74,1.36,1.86,2.51,120.967,99.27,33.77
2025-11-17,59.8,60.44,59.32,59.91,64.2,,4.531,4.541,4.323,4.361,32.38,1.9901,6672.41,45.17,3.6,4.13,4.73,1.35,1.85,2.5,121.115,99.59,33.45
2025-11-18,59.74,60.93,59.31,60.74,64.89,,4.342,4.401,4.235,4.371,33.33,1.9993,6617.32,45.53,3.58,4.12,4.74,1.34,1.85,2.51,121.213,99.55,33.88
2025-11-19,60.62,60.79,58.77,59.44,63.51,,4.374,4.602,4.35,4.55,34.12,1.9321,6642.16,44.94,3.58,4.13,4.75,1.35,1.86,2.53,121.498,100.23,33.65
2025-11-20,59.63,60.33,58.86,59.14,63.38,,4.566,4.612,4.458,4.474,36.38,1.9184,6538.76,44.43,3.55,4.1,4.73,1.34,1.86,2.53,121.689,100.16,33.83
2025-11-21,58.8,58.8,57.38,58.06,62.56,,4.489,4.675,4.461,4.58,35.97,1.8834,6602.99,44.71,3.51,4.06,4.71,1.3,1.82,2.51,121.865,100.18,33.77
2025-11-24,58.05,59.06,57.42,58.84,63.37,,4.465,4.576,4.444,4.549,36.3,1.8966,6705.12,44.585,3.46,4.04,4.68,1.31,1.81,2.5,121.917,100.14,33.91
2025-11-25,58.89,58.96,57.1,57.95,62.48,,4.501,4.547,4.267,4.424,37.57,1.8572,6765.88,44.305,3.43,4.01,4.67,1.28,1.79,2.49,121.633,99.66,34.35
2025-11-26,58.05,58.72,57.66,58.65,63.13,,4.483,4.644,4.442,4.558,35.7,1.889,6812.61,44.64,3.45,4,4.64,1.27,1.77,2.45,121.244,99.6,34.16
2025-11-28,58.58,59.64,58.27,58.55,63.2,,4.618,4.871,4.527,4.85,35.95,1.8959,6849.09,45.225,3.47,4.02,4.67,1.3,1.79,2.48,121.053,99.46,34.22
2025-12-01,58.96,59.97,58.83,59.32,63.17,61.83,4.87,4.952,4.758,4.921,35.82,1.8689,6812.63,45.66,3.54,4.09,4.74,1.36,1.85,2.53,120.986,99.41,34.45
2025-12-02,59.52,59.67,58.28,58.64,62.45,,4.902,4.984,4.805,4.84,35.89,1.8303,6829.37,45.07,3.51,4.09,4.74,1.36,1.85,2.53,121.147,99.36,34.21
2025-12-03,58.65,59.64,58.37,58.95,62.67,,4.827,5.039,4.819,4.995,33.72,1.8272,6849.72,45.915,3.49,4.06,4.73,1.33,1.82,2.52,120.734,98.85,34.19
2025-12-04,59.09,60.02,58.81,59.67,63.26,,5.01,5.09,4.871,5.063,33.3,1.8271,6857.12,46.11,3.52,4.11,4.76,1.35,1.85,2.54,120.677,98.99,34.56
2025-12-05,59.7,60.5,59.42,60.08,63.75,,5.077,5.496,5.027,5.289,32.06,1.8341,6870.4,45.92,3.56,4.14,4.79,1.38,1.88,2.57,120.686,98.99,34.03
2025-12-08,60.15,60.3,58.68,58.88,62.49,,5.1,5.205,4.85,4.912,33.03,1.7981,6846.51,45.42,3.57,4.17,4.81,1.43,1.91,2.58,120.776,99.09,34.37
2025-12-09,58.87,59.17,58.12,58.25,61.94,,4.868,4.878,4.551,4.574,30.82,1.7897,6840.51,45.7,3.61,4.18,4.8,1.46,1.92,2.58,120.683,99.22,34.54
2025-12-10,58.37,59.05,57.66,58.46,62.21,,4.578,4.696,4.455,4.595,30.78,1.7815,6886.68,46.18,3.54,4.13,4.78,1.4,1.88,2.55,120.675,98.79,34.7
2025-12-11,58.91,58.94,57.01,57.6,61.28,,4.626,4.631,4.196,4.231,31.88,1.7598,6901,45.96,3.52,4.14,4.79,1.4,1.89,2.57,119.98,98.35,35.072
2025-12-12,57.89,58.19,57.15,57.44,61.12,,4.231,4.257,4.065,4.113,29.93,1.7521,6827.41,45.51,3.52,4.19,4.85,1.43,1.93,2.61,120.144,98.4,35.13
2025-12-15,57.5,57.8,56.4,56.82,60.56,,4.171,4.218,3.993,4.012,32.85,1.7323,6816.51,45.19,3.51,4.18,4.84,1.44,1.93,2.61,119.956,98.15,35.6
2025-12-16,56.68,56.7,54.98,55.27,58.92,,4.037,4.045,3.842,3.886,36.23,1.6809,6800.26,43.81,3.48,4.15,4.82,1.44,1.92,2.6,119.89,98.15,35.5
2025-12-17,55.23,56.98,55.2,55.94,59.68,,3.936,4.114,3.92,4.024,36.74,1.6943,6721.43,44.78,3.49,4.16,4.83,1.44,1.92,2.61,120.155,98.37,35.25
2025-12-18,56.9,57.03,55.88,56.15,59.82,,4.117,4.218,3.877,3.908,33.6,1.7013,6774.76,44.13,3.46,4.12,4.8,1.4,1.88,2.58,120.053,98.43,35.35
2025-12-19,56.03,56.9,55.82,56.66,60.47,,3.942,4.03,3.84,3.984,33.62,1.7082,6834.5,44.13,3.48,4.16,4.82,1.43,1.92,2.61,120.165,98.6,35.61
2025-12-22,56.63,58.13,56.6,58.01,62.07,,4.081,4.14,3.797,3.965,33.03,1.7422,6878.49,44.21,3.44,4.17,4.84,1.46,1.94,2.63,119.991,98.29,35.28
2025-12-23,57.95,58.56,57.74,58.38,62.38,,3.99,4.449,3.943,4.408,33.02,1.7432,6909.79,44.5,3.48,4.18,4.83,1.48,1.94,2.61,119.706,97.94,35.5
2025-12-24,58.47,58.75,58.13,58.35,62.24,,4.415,4.593,4.18,4.242,31.71,1.7471,6932.05,44.37,3.47,4.15,4.79,1.46,1.91,2.58,119.437,97.98,35.5
2025-12-26,58.35,58.88,56.65,56.74,60.64,,4.196,4.421,4.196,4.366,32.22,1.6971,6929.94,44.2,3.46,4.14,4.81,1.46,1.91,2.6,119.472,98.02,35.15
2025-12-29,57.04,58.3,56.91,58.08,61.94,,4.45,4.721,4.351,4.687,32.16,1.7152,6905.74,44.62,3.45,4.12,4.8,1.44,1.9,2.6,119.59,98.04,34.97
2025-12-30,57.81,58.47,57.6,57.95,61.92,,3.947,4.176,3.916,3.972,30.76,1.721,6896.24,44.96,3.45,4.14,4.81,1.43,1.9,2.6,119.494,98.24,35.34
2025-12-31,57.95,58.55,57.2,57.42,60.85,,3.976,3.983,3.679,3.686,30.17,1.7054,6845.5,44.71,3.47,4.18,4.84,1.47,1.93,2.62,119.746,98.28,35.4
2026-01-01,,,,,,62.7282,,,,,,,,,,,,,,,,,
2026-01-02,57.41,57.93,56.6,57.32,60.75,,3.679,3.703,3.563,3.618,28.4,1.6982,6858.47,45.65,3.47,4.19,4.86,1.46,1.94,2.63,119.606,98.42,35.75
2026-01-05,57.47,58.51,56.31,58.32,61.76,,3.507,3.53,3.355,3.523,29.41,1.72,6902.05,46.89,3.46,4.17,4.85,1.42,1.91,2.61,119.619,98.27,35.62
2026-01-06,58.34,58.87,56.84,57.13,60.7,,3.492,3.502,3.324,3.35,30.06,1.7006,6944.82,45.64,3.47,4.18,4.86,1.42,1.91,2.62,119.781,98.58,35.84
2026-01-07,57,57.17,55.76,55.99,59.96,,3.425,3.591,3.419,3.525,32.98,1.6945,6920.93,45.13,3.47,4.15,4.82,1.4,1.88,2.59,119.872,98.68,35.88
2026-01-08,56.42,58.74,55.97,57.76,61.99,,3.563,3.634,3.355,3.407,35.8,1.7603,6921.46,46.55,3.49,4.19,4.85,1.43,1.92,2.62,120.09,98.93,35.56
2026-01-09,58.4,59.77,57.61,59.12,63.34,,3.41,3.496,3.131,3.169,36.8,1.7806,6966.28,46.67,3.54,4.18,4.82,1.43,1.9,2.58,120.222,99.13,35.55
2026-01-12,59,59.91,58.45,59.5,63.87,,3.29,3.431,3.182,3.409,38.85,1.7938,6977.27,46.34,3.54,4.19,4.83,1.41,1.9,2.59,119.996,98.86,35.93
2026-01-13,59.95,61.5,59.47,61.15,65.47,,3.358,3.499,3.298,3.419,40.43,1.8265,6963.74,47,3.53,4.18,4.83,1.38,1.88,2.58,120.14,99.13,35.82
2026-01-14,61.12,62.36,59.19,62.02,66.52,,3.384,3.443,3.068,3.12,44.19,1.8304,6926.6,48.06,3.51,4.15,4.79,1.36,1.86,2.56,119.954,99.13,36.43
2026-01-15,61.06,61.14,58.88,59.19,63.76,,3.102,3.218,3.006,3.128,42.06,1.7838,6944.47,47.61,3.56,4.17,4.79,1.41,1.88,2.55,119.995,99.32,36.19
2026-01-16,59.26,60.18,58.94,59.44,64.13,,3.146,3.23,3.02,3.103,43.19,1.7852,6940.01,47.69,3.59,4.24,4.83,1.43,1.91,2.58,120.084,99.39,36.03
2026-01-20,59.01,60.68,58.7,60.34,64.92,,3.5,3.99,3.38,3.907,42.78,1.8238,6796.86,47.6,3.6,4.3,4.91,1.46,1.97,2.65,119.445,98.64,34.03
2026-01-21,59.57,60.89,59.22,60.62,65.24,,3.903,5.099,3.834,4.875,45.45,1.8574,6875.62,48.75,3.6,4.26,4.87,1.41,1.92,2.6,119.343,98.76,34.66
2026-01-22,60.68,60.82,58.96,59.36,64.06,,5.039,5.65,4.769,5.045,44.7,1.8172,6913.35,48.91,3.61,4.26,4.84,1.43,1.95,2.58,119.196,98.36,34.97
2026-01-23,59.66,61.36,59.52,61.07,65.88,,4.872,5.434,4.66,5.275,47.64,1.851,6915.61,49.19,3.6,4.24,4.82,1.38,1.92,2.56,118.898,97.6,35
2026-01-26,61.22,61.71,60.32,60.63,65.59,,5.791,7.439,5.728,6.8,47.78,1.8201,6950.23,49.22,3.56,4.22,4.8,1.37,1.9,2.54,118.052,97.04,34.9
2026-01-27,60.78,62.63,60.14,62.39,67.57,,6.646,7.31,5.772,6.954,49.61,1.8652,6978.6,49.67,3.53,4.24,4.83,1.34,1.9,2.56,117.452,96.22,35.28
2026-01-28,62.58,63.57,62.07,63.21,68.4,,6.5,7.827,5.9,7.46,50.39,1.8923,6978.03,50.05,3.56,4.26,4.85,1.33,1.9,2.57,117.512,96.45,34.58
2026-01-29,63.5,66.48,63.28,65.42,70.71,,3.742,3.93,3.728,3.918,55.37,1.92,6969.01,50.51,3.53,4.24,4.85,1.28,1.89,2.58,117.44,96.28,33.78
2026-01-30,65.52,66.11,63.64,65.21,70.69,,3.879,4.425,3.818,4.354,55.91,1.9228,6939.03,51.05,3.52,4.26,4.87,1.26,1.9,2.6,117.9,96.99,32.82
2026-02-01,,,,,,68.5085,,,,,,,,,,,,,,,,,
2026-02-02,64.72,64.74,61.39,62.14,66.3,,3.708,3.736,3.155,3.237,48.7,1.8514,6976.44,50.05,3.57,4.29,4.9,1.31,1.94,2.63,118.361,97.61,33.41
2026-02-03,62.28,64.21,61.12,63.21,67.33,,3.263,3.397,3.169,3.311,52.34,1.8979,6917.81,51.67,3.57,4.28,4.9,1.3,1.92,2.62,117.976,97.44,32.89
2026-02-04,63.8,65.53,62.86,65.14,69.46,,3.37,3.548,3.264,3.465,55.13,1.9652,6882.72,52.83,3.57,4.29,4.91,1.32,1.94,2.63,118.26,97.62,33.16
2026-02-05,64.49,64.67,62.65,63.29,67.55,,3.472,3.573,3.328,3.509,54.97,1.9266,6798.4,52.21,3.47,4.21,4.85,1.26,1.89,2.59,118.503,97.82,31.98
2026-02-06,63.1,64.58,62.2,63.55,68.05,,3.517,3.659,3.387,3.422,53.18,1.9532,6932.3,53.25,3.5,4.22,4.85,1.26,1.88,2.58,118.241,97.63,32.06
2026-02-09,62.99,64.88,62.62,64.36,69.04,,3.25,3.265,3.111,3.138,50.79,1.9855,6964.82,53.64,3.48,4.22,4.85,1.25,1.87,2.57,117.639,96.82,32.83
2026-02-10,64.44,64.71,63.65,63.96,68.8,,3.141,3.214,3.061,3.115,48.02,1.9592,6941.81,53.58,3.45,4.16,4.78,1.23,1.84,2.53,117.522,96.8,32.09
2026-02-11,64.2,65.83,64.15,64.63,69.4,,3.159,3.249,3.055,3.159,44.33,1.9789,6941.47,54.98,3.52,4.18,4.82,1.26,1.86,2.55,117.46,96.83,31.9
2026-02-12,64.87,65.1,62.39,62.84,67.52,,3.222,3.316,3.18,3.217,42,1.9159,6832.76,53.98,3.47,4.09,4.72,1.22,1.8,2.48,117.538,96.93,30.33
2026-02-13,62.99,63.26,62.14,62.89,67.75,,3.219,3.278,3.114,3.243,42.18,1.911,6836.17,54.35,3.4,4.04,4.69,1.19,1.77,2.46,117.526,96.88,29.74
2026-02-17,63.3,64.14,61.87,62.33,67.42,,3.05,3.171,2.968,3.031,42.54,1.9144,6843.22,53.75,3.43,4.05,4.68,1.24,1.79,2.47,117.737,97.16,29.58
2026-02-18,62.3,65.56,62.12,65.19,70.35,,3.05,3.056,2.922,3.011,51.49,1.968,6881.31,54.78,3.47,4.09,4.71,1.23,1.8,2.48,117.843,97.7,30.1
2026-02-19,65.1,66.9,64.88,66.43,71.66,,3.022,3.095,2.961,2.996,56.73,2.0066,6861.89,55.18,3.47,4.08,4.7,1.22,1.79,2.47,118.235,97.93,29.85
2026-02-20,66.67,67.05,65.94,66.39,71.76,,2.971,3.155,2.949,3.047,56.12,1.9973,6909.51,54.88,3.48,4.08,4.72,1.22,1.8,2.48,117.992,97.8,30.35
2026-02-23,65.89,67.28,65.38,66.31,71.49,,3.24,3.253,2.977,2.985,59.05,1.9892,6837.75,55.15,3.43,4.03,4.7,1.19,1.77,2.49,117.939,97.7,30.35
2026-02-24,66.31,67.15,65.55,65.63,70.77,,2.981,3.014,2.905,2.915,58.82,1.9714,6890.07,55.1,3.43,4.04,4.7,1.21,1.78,2.48,117.946,97.88,29.74
2026-02-25,66.07,66.6,65.12,65.42,70.85,,2.92,3.017,2.895,2.969,58.97,1.9914,6946.13,54.87,3.45,4.05,4.7,1.19,1.77,2.47,117.769,97.7,30.1
2026-02-26,65.65,66.71,63.6,65.21,70.75,,2.891,2.891,2.775,2.827,59.8,2.0323,6908.86,55.05,3.42,4.02,4.67,1.14,1.74,2.44,117.904,97.79,29.68
2026-02-27,65.35,67.83,64.85,67.02,72.48,,2.832,2.894,2.818,2.859,64.68,2.0779,6878.88,55.92,3.38,3.97,4.64,1.11,1.72,2.43,117.822,97.61,29.32
2026-03-01,,,,,,126.706,,,,,,,,,,,,,,,,,
2026-03-02,75,75.33,69.2,71.23,77.74,,2.929,3.07,2.867,2.96,68.9,2.3706,6881.62,57.04,3.47,4.05,4.7,1.16,1.76,2.47,118.667,98.38,29.37
2026-03-03,71.23,77.98,70.41,74.56,81.4,,2.98,3.188,2.973,3.054,73.99,2.4574,6816.63,56.52,3.51,4.06,4.7,1.17,1.77,2.48,119.434,99.05,29.98
2026-03-04,74.74,77.23,73.28,74.66,81.4,,3.041,3.076,2.891,2.917,75.2,2.5149,6869.5,56.19,3.54,4.09,4.72,1.21,1.8,2.5,119.07,98.77,29.21
2026-03-05,76.15,82.16,74.97,81.01,85.41,,2.937,3.046,2.92,3.003,83.83,2.6709,6830.71,56.48,3.57,4.13,4.74,1.21,1.82,2.52,119.568,99.32,29.19
2026-03-06,79.08,92.61,78.24,90.9,92.69,,3.022,3.28,2.951,3.186,103.6,2.7466,6740.02,56.57,3.56,4.15,4.77,1.16,1.8,2.54,119.491,98.99,29.05
2026-03-09,98,119.48,81.19,94.77,98.96,,3.304,3.494,3.021,3.12,100.53,2.8084,6795.99,56.32,3.56,4.12,4.72,1.15,1.78,2.51,119.515,99.18,29.28
2026-03-10,85.75,91.48,76.73,83.45,87.8,,3.027,3.147,2.961,3.02,108.19,2.6403,6781.48,55.6,3.57,4.15,4.78,1.2,1.82,2.56,118.725,98.83,29.62
2026-03-11,86.89,88.99,81.79,87.25,91.98,,3.064,3.228,3.019,3.209,120.91,2.7883,6775.8,56.98,3.64,4.21,4.86,1.21,1.85,2.61,119.288,99.23,29.37
2026-03-12,89.32,97.19,88.61,95.73,100.46,,3.231,3.292,3.145,3.233,120.22,2.9646,6672.62,57.51,3.76,4.27,4.88,1.25,1.89,2.63,119.823,99.74,28.06
2026-03-13,96.74,99.32,92.04,98.71,103.14,,3.252,3.317,3.109,3.131,119.02,3.0414,6632.19,57.7,3.73,4.28,4.9,1.26,1.92,2.66,120.552,100.36,28.34
2026-03-16,100.93,102.44,92.93,93.5,100.21,,3.18,3.18,2.992,3.023,101.97,3.0003,6699.38,57.9,3.68,4.23,4.86,1.22,1.87,2.62,120.097,99.71,28.34
2026-03-17,94.41,98.42,93.83,96.21,103.42,,3.036,3.097,3.006,3.033,95.92,3.1234,6716.09,58.51,3.68,4.2,4.85,1.17,1.83,2.6,119.833,99.58,27.97
2026-03-18,96,100.55,91.96,96.32,107.38,,3.044,3.211,2.923,3.065,97.28,3.0985,6624.7,58.43,3.76,4.26,4.88,1.21,1.86,2.61,119.928,100.09,27.64
2026-03-19,99.13,101.48,92.8,96.14,108.65,,3.164,3.27,3.103,3.166,92.68,3.1271,6606.49,59.36,3.79,4.25,4.83,1.27,1.88,2.6,120.18,99.23,27.33
2026-03-20,95,99.67,93.42,98.32,112.19,,3.12,3.169,3.045,3.095,91.85,3.2862,6506.48,59.31,3.88,4.39,4.96,1.38,2.01,2.72,120.276,99.65,27.96
2026-03-23,100.51,101.67,84.37,88.13,99.94,,3.108,3.153,2.875,2.891,89.78,2.9749,6581,59.63,3.83,4.34,4.91,1.42,2.01,2.69,119.937,98.95,28.68
2026-03-24,88.78,93.36,86.34,92.35,104.49,,2.91,2.974,2.876,2.943,89.34,3.148,6556.37,60.84,3.9,4.39,4.94,1.48,2.06,2.72,120.129,99.43,29.38
2026-03-25,88.49,91.73,86.46,90.32,102.22,,2.9,2.985,2.864,2.952,90.16,3.0124,6591.9,60.57,3.84,4.33,4.89,1.45,2.02,2.69,120.128,99.6,29.224
2026-03-26,91.38,95.44,89.51,94.48,108.01,,2.984,3.025,2.918,2.999,92.37,3.1302,6477.16,61.52,3.96,4.42,4.93,1.52,2.08,2.71,120.389,99.9,29.27
2026-03-27,93.31,101.24,92.08,99.64,112.57,,2.97,3.124,2.965,3.095,96.64,3.2501,6368.85,62.56,3.88,4.44,4.98,1.5,2.13,2.78,120.885,100.15,29.22
2026-03-30,102.6,105.36,99.43,102.88,112.78,,3.055,3.057,2.851,2.887,95.84,3.3515,6343.72,61.96,3.82,4.35,4.91,1.4,2.04,2.72,121.285,100.51,29.3
2026-03-31,105.07,106.86,99.62,101.38,118.35,,2.887,2.977,2.803,2.884,89.39,3.3123,6528.52,61.26,3.79,4.3,4.88,1.38,2,2.69,121.035,99.96,29.69
2026-04-01,101.72,103.31,96.5,100.12,101.16,105.299,2.88,2.899,2.785,2.819,91.8,3.0914,6575.32,58.97,3.81,4.33,4.91,1.42,2.02,2.71,120.12,99.65,30.17
2026-04-02,98.92,113.97,97.5,111.54,109.03,,2.813,2.889,2.779,2.8,93.14,3.288,6582.69,59.25,3.79,4.31,4.88,1.37,1.97,2.66,120.503,100.03,29.42
2026-04-03,,,,,,,,,,,,,,,3.84,4.35,4.91,1.38,1.99,2.67,120.656,,
2026-04-06,112.96,115.48,108.89,112.41,109.77,,2.838,2.868,2.769,2.811,96.14,3.3082,6611.83,59.68,3.84,4.34,4.89,1.38,1.98,2.65,120.43,99.98,29.37
2026-04-07,112.62,117.63,109.2,112.95,109.27,,2.804,2.888,2.756,2.87,98.79,3.3052,6616.85,60.16,3.81,4.33,4.9,1.34,1.96,2.67,120.32,99.64,29.5
2026-04-08,108.74,109.19,91.05,94.41,94.75,,2.843,2.844,2.702,2.724,83.91,3.0059,6782.81,58.05,3.79,4.29,4.89,1.36,1.96,2.66,119.06,99.13,29.7
2026-04-09,96.78,102.7,95.25,97.87,95.92,,2.731,2.738,2.655,2.67,81.74,3.0007,6824.66,57.33,3.78,4.29,4.9,1.35,1.95,2.67,118.9,98.82,30.31
2026-04-10,98.23,100.42,95.51,96.57,95.2,,2.671,2.689,2.628,2.648,78.01,3.0373,6816.89,56.94,3.81,4.31,4.91,1.36,1.95,2.67,118.855,98.65,30.06
2026-04-13,102,105.63,97.03,99.08,99.36,,2.691,2.723,2.615,2.627,80.55,3.116,6886.24,57.11,3.78,4.3,4.9,1.31,1.92,2.65,118.992,98.37,30.19
2026-04-14,97.99,98,91.06,91.28,94.79,,2.628,2.66,2.561,2.599,75.35,3.0395,6967.38,55.95,3.76,4.26,4.87,1.28,1.89,2.62,118.358,98.12,30.844
2026-04-15,92.02,93.3,86.96,91.29,94.93,,2.599,2.628,2.57,2.61,72.23,3.0692,7022.95,55.76,3.76,4.29,4.89,1.29,1.9,2.63,118.362,98.06,30.831
2026-04-16,91.47,95.44,90.52,94.69,99.39,,2.614,2.679,2.588,2.647,73.04,3.1637,7041.28,56.58,3.78,4.32,4.93,1.31,1.93,2.68,118.362,98.22,30.996
2026-04-17,93.18,94.04,80.56,83.85,90.38,,2.667,2.707,2.623,2.674,69.01,3.0048,7126.06,55.02,3.71,4.26,4.88,1.28,1.9,2.65,118.079,98.1,31.44
2026-04-20,89,91.2,87.02,89.61,95.48,,2.688,2.746,2.672,2.689,73.79,3.1168,7109.14,55.07,3.72,4.26,4.88,1.29,1.91,2.65,118.237,98.05,31.32
2026-04-21,87.89,94.45,87.76,92.13,98.48,,2.675,2.72,2.643,2.697,85.57,3.2098,7064.01,55.87,3.78,4.3,4.89,1.31,1.92,2.65,118.433,98.41,31.04
2026-04-22,90,93.73,87.64,92.96,101.91,,2.701,2.763,2.676,2.722,76.77,3.3579,7137.9,56.54,3.79,4.3,4.9,1.3,1.92,2.65,118.6,98.59,30.75
2026-04-23,92.9,98.39,92.3,95.85,105.07,,2.718,2.74,2.568,2.614,78.67,3.4621,7108.4,56.98,3.83,4.34,4.92,1.38,1.92,2.65,118.716,98.8,30.86
2026-04-24,96.62,97.85,92.68,94.4,105.33,,2.594,2.594,2.495,2.523,75.83,3.4626,7165.08,56.87,3.78,4.31,4.91,1.31,1.89,2.65,118.729,98.51,31.2
2026-04-27,95.6,97.67,94.59,96.37,108.23,,2.505,2.63,2.505,2.55,73.11,3.491,7173.91,56.77,3.78,4.35,4.94,1.32,1.91,2.68,118.546,98.48,31.53
2026-04-28,96.67,101.85,96.24,99.93,111.26,,2.539,2.578,2.483,2.559,70.5,3.5604,7138.8,57.71,3.84,4.36,4.94,1.34,1.92,2.68,118.772,98.62,31.46
2026-04-29,99.71,108.6,98.42,106.88,118.03,,2.68,2.692,2.615,2.647,75.96,3.7411,7135.95,59.03,3.92,4.42,4.98,1.38,1.96,2.71,119.097,98.92,30.81
2026-04-30,109.07,110.93,103.34,105.07,114.01,,2.649,2.794,2.592,2.767,75.08,3.7715,7209.01,59.65,3.88,4.4,4.98,1.35,1.94,2.71,118.671,98.08,31.52
2026-05-01,105.14,106.65,99.3,101.94,108.17,100.364,2.755,2.821,2.746,2.78,75.4,3.5952,7230.12,58.85,3.88,4.39,4.97,1.33,1.91,2.67,118.393,98.21,31.61
2026-05-04,99.73,107.46,99.11,106.42,114.44,,2.783,2.883,2.752,2.867,78.63,3.7382,7200.75,59.39,3.95,4.45,5.02,1.36,1.95,2.71,118.826,98.47,31.87
2026-05-05,104.93,105.48,101.08,102.27,109.87,,2.851,2.868,2.76,2.788,74.73,3.6206,7259.22,59.45,3.93,4.43,4.98,1.41,1.96,2.69,118.621,98.48,32.23
2026-05-06,102.7,102.7,88.66,95.08,101.27,,2.781,2.789,2.69,2.73,72.34,3.4593,7365.12,57,3.87,4.36,4.94,1.41,1.94,2.67,118.098,98.02,32.01
2026-05-07,96.3,97.99,89.85,94.81,100.06,,2.726,2.813,2.676,2.769,72.25,3.456,7337.11,55.95,3.92,4.41,4.97,1.43,1.96,2.68,118.012,98.25,31.54
2026-05-08,98.25,98.64,93.82,95.42,101.29,,2.788,2.845,2.735,2.757,72.15,3.5267,7398.93,55.7,3.9,4.38,4.95,1.4,1.93,2.66,118.039,97.84,31.26
2026-05-11,98.19,100.37,96.13,98.07,104.21,,2.752,2.936,2.751,2.91,75.66,3.5998,7412.84,57.17,3.95,4.42,4.98,1.4,1.95,2.69,118.056,97.94,32.14
2026-05-12,98.39,102.72,98,102.18,107.77,,2.926,2.945,2.804,2.843,75.69,3.6977,7400.96,57.57,4,4.46,5.03,1.43,1.99,2.74,118.524,98.29,31.76
2026-05-13,102.16,103.67,100.56,101.02,105.63,,2.833,2.927,2.813,2.864,70.94,3.6187,7444.25,57.63,3.98,4.46,5.03,1.42,1.99,2.74,118.474,98.48,31.68
2026-05-14,101.02,102.35,99.39,101.17,105.72,,2.867,2.922,2.798,2.894,68.92,3.6057,7501.24,58.07,4,4.47,5.02,1.46,2,2.73,118.67,98.88,31.98
2026-05-15,102.06,106,101.48,105.42,109.26,,2.92,2.982,2.894,2.96,72.35,3.7019,7408.5,59.44,4.09,4.59,5.12,1.56,2.1,2.81,119.282,99.27,32.043
2026-05-18,106,109.47,102.65,108.66,112.1,,2.994,3.09,2.967,3.024,72.07,3.7607,7403.05,60.58,4.07,4.61,5.14,1.58,2.13,2.82,119.057,98.97,31.95
2026-05-19,107.11,109.24,106.76,107.77,111.28,,3.031,3.133,3.006,3.114,72.89,3.6962,7353.61,61.29,4.13,4.67,5.18,1.66,2.18,2.84,119.451,99.3,31.753
2026-05-20,104.12,104.45,96.94,98.26,105.02,,3.113,3.138,2.985,3.004,72.77,3.4874,7432.97,59.8,4.04,4.57,5.11,1.63,2.13,2.81,119.162,99.11,32
2026-05-21,98.95,102.66,95.76,96.35,102.58,,3.03,3.066,2.98,3.018,73.54,3.3796,7445.72,59.13,4.08,4.57,5.1,1.68,2.18,2.8,119.369,99.19,31.87
2026-05-22,98,99.43,94.73,96.6,103.54,,3,3.01,2.888,2.907,75.97,3.4539,7473.47,59.49,4.13,4.56,5.07,1.73,2.16,2.77,119.287,99.32,32.283
2026-05-26,93.88,94.7,89.41,93.89,99.58,,2.9,2.989,2.859,2.894,65.06,3.2205,7519.12,57.85,4.01,4.5,5.03,1.66,2.1,2.73,119.17,99.17,32.99
2026-05-27,93.39,93.69,87.77,88.68,94.29,,2.91,3.055,2.857,3.04,59.97,3.1337,7520.36,56.99,4,4.48,5.01,1.64,2.09,2.72,119.183,99.21,33.219
2026-05-28,89.11,92.52,87.11,88.9,93.71,,3.088,3.306,3.057,3.285,58.3,3.1852,7563.63,56.95,3.99,4.45,4.98,1.61,2.06,2.7,119.032,99.02,33.75
2026-05-29,88.55,89.02,86.35,87.36,92.05,,3.299,3.388,3.272,3.29,57.84,3.1267,7580.06,56.29,3.98,4.45,4.99,1.61,2.07,2.71,118.878,98.91,33.6
2026-06-01,88.5,94.78,88.45,92.16,94.98,79.5395,3.335,3.396,3.16,3.179,61.24,3.0847,7599.96,57.3,4.05,4.47,4.99,1.64,2.07,2.71,119.165,99.2,33.44
2026-06-02,92.45,94,90.12,93.76,96,,3.194,3.228,3.099,3.167,59.53,3.1443,7609.78,57.96,4.05,4.46,4.97,1.65,2.07,2.69,119.036,99.22,33.34
2026-06-03,93.45,97,93.45,96.02,97.81,,3.172,3.262,3.143,3.214,60.52,3.1316,7553.68,58.71,4.08,4.49,4.99,1.68,2.11,2.72,119.385,99.53,33.296
2026-06-04,95.75,95.91,91.91,93.04,95.03,,3.255,3.376,3.211,3.336,59.79,3.0383,7584.31,58.75,4.05,4.47,4.97,1.7,2.11,2.71,119.362,99.41,33.08
2026-06-05,92.82,93.63,89.68,90.54,93.09,,3.355,3.365,3.208,3.229,57.75,3.0459,7383.74,57.67,4.17,4.55,5.01,1.81,2.19,2.74,120.083,100.07,32.51
2026-06-08,93,95.47,90.39,91.3,94.25,,3.185,3.195,3.097,3.147,58.36,3.0706,7405.73,58.33,4.15,4.56,5.03,1.82,2.21,2.77,120.034,100.05,32.52
2026-06-09,91.28,91.55,85.95,88.2,91.45,,3.144,3.207,3.117,3.14,57.63,3.0211,7386.65,57.39,4.13,4.53,5.01,1.82,2.2,2.75,119.962,99.91,32.395
2026-06-10,89.4,91.87,87.39,90.03,93.1,,3.138,3.249,3.072,3.185,60.28,3.1099,7266.99,58.25,4.13,4.55,5.03,1.83,2.21,2.78,119.913,99.95,32.73
2026-06-11,92.25,93.64,85.74,87.71,90.38,,3.186,3.204,3.054,3.087,56.3,3.1014,7394.3,57.12,4.05,4.45,4.95,1.78,2.16,2.72,120.117,99.86,32.57
2026-06-12,86.64,87.23,83.2,84.88,87.33,,3.085,3.143,3.031,3.12,54.1,3.0498,7431.46,57.55,4.09,4.48,4.97,1.82,2.17,2.73,119.507,99.75,32.5
2026-06-15,81.4,82.42,79.7,80.75,83.17,,3.085,3.163,3.017,3.147,47.75,2.9472,7554.29,55.55,4.07,4.47,4.97,1.78,2.15,2.72,119.316,99.63,33.4
2026-06-16,81.1,81.58,75.52,76.05,78.96,,3.155,3.268,3.127,3.239,53.1,2.8805,7511.35,55.36,4.05,4.43,4.93,1.8,2.14,2.7,119.256,99.54,33.58
2026-06-17,76.59,80.03,74.59,76.79,79.55,,3.257,3.299,3.121,3.145,53.65,2.9096,7420.1,54.67,4.2,4.49,4.93,1.96,2.23,2.73,119.387,100.09,33.29
2026-06-18,75.53,76.99,73.58,76.6,79.85,,3.154,3.246,3.125,3.233,51.54,2.9949,7500.58,53.77,4.19,4.46,4.9,1.96,2.21,2.7,120.396,100.85,33.38
2026-06-22,78.93,78.96,74.45,74.82,77.9,,3.28,3.335,3.234,3.253,50.7,2.987,7472.79,54.06,4.24,4.51,4.95,2.01,2.28,2.75,120.546,101.02,33.87
2026-06-23,74.14,74.45,72.48,73.21,77.08,,3.237,3.277,3.142,3.147,46.6,2.959,7365.46,54.46,4.16,4.5,4.94,2.03,2.29,2.76,121.055,101.41,33.29
2026-06-24,73.13,73.18,69.63,70.34,73.74,,3.161,3.232,3.136,3.221,47.61,2.8818,7358.22,53.57,4.11,4.41,4.86,1.98,2.23,2.71,121.412,101.61,33.49
2026-06-25,69.95,72.5,68.9,71.92,75.26,,3.223,3.363,3.196,3.343,46.96,3.0273,7357.49,54.09,4.09,4.4,4.86,1.92,2.19,2.69,121.056,101.43,33.46
2026-06-26,71.44,71.86,68.56,69.23,71.99,,3.302,3.441,3.201,3.231,46.46,2.9571,7354.02,53.84,4.07,4.38,4.87,1.91,2.18,2.69,120.887,101.36,33.08
2026-06-29,70.5,71.15,69.32,70.75,73.15,,3.281,3.313,3.163,3.181,45.07,3.0614,7440.43,53.58,4.1,4.38,4.86,1.9,2.16,2.68,120.953,101.11,33.11
2026-06-30,70.43,71.6,69.22,69.5,72.92,,3.171,3.328,3.159,3.275,43.17,3.0144,7499.36,53.11,4.14,4.44,4.91,1.93,2.2,2.73,120.925,101.19,33.16
2026-07-01,69.98,70.19,67.92,68.58,71.57,,3.256,3.271,3.195,3.22,40.76,2.9452,7483.23,52.81,4.17,4.48,4.97,1.98,2.25,2.78,121.145,101.39,33.05
2026-07-02,68.03,68.8,67.04,68.69,71.8,,3.214,3.22,3.151,3.196,41.62,2.9173,7483.24,53.22,4.14,4.49,4.98,1.99,2.26,2.79,120.69,100.86,33.16
2026-07-06,68.68,69.21,67.82,68.55,71.99,,3.206,3.256,3.159,3.245,40.33,3.0033,7537.43,53.13,4.13,4.48,4.99,1.94,2.24,2.79,120.835,100.85,33.84
2026-07-07,68.58,72.51,68.58,70.44,74.16,,3.254,3.32,3.181,3.265,47.59,2.9539,7503.85,54.64,4.19,4.55,5.05,1.99,2.3,2.84,120.814,101.14,33.63
2026-07-08,72.38,76.08,71.75,73.52,78.02,,3.281,3.355,3.203,3.212,50.45,3.1034,7482.71,55.6,4.21,4.56,5.06,2,2.31,2.86,121.131,101.05,33.44
2026-07-09,74.95,75.13,71.42,72.08,76.3,,3.219,3.244,2.991,3.012,45.99,3.0387,7543.64,54.82,4.16,4.54,5.05,1.99,2.31,2.86,120.753,100.94,33.23
2026-07-10,71.86,73.16,70.77,71.41,76.01,,3.016,3.022,2.874,2.94,44.67,2.9846,7575.39,55.08,4.21,4.56,5.06,2.02,2.32,2.86,120.505,100.97,33.369
2026-07-13,73.69,78.58,72.61,78.14,83.3,,2.931,2.953,2.847,2.897,60.25,3.1663,7515.34,56.74,4.26,4.62,5.1,2.06,2.36,2.89,120.741,101.28,33.62
2026-07-14,78.04,81.27,77.84,79.34,84.73,,2.903,2.928,2.85,2.904,59.89,3.2273,7543.59,56.95,4.18,4.58,5.08,2.03,2.33,2.87,120.473,100.94,33.84
2026-07-15,79.74,80.93,78.19,79.6,84.95,,2.923,2.941,2.865,2.924,58.96,3.3009,7572.4,56.5,4.13,4.55,5.08,2.01,2.32,2.88,120.309,100.5,33.73
2026-07-16,80,80.87,78.58,78.95,84.23,,2.921,2.968,2.823,2.858,55.91,3.2847,7533.77,57.02,4.16,4.57,5.09,2.04,2.35,2.91,120.331,100.73,33.04
2026-07-17,79.57,82.76,78.61,82.49,88.1,,2.894,2.926,2.843,2.911,60.02,3.3927,7457.69,57.68,4.18,4.55,5.06,2.01,2.31,2.87,120.531,100.75,33.15
2026-07-20,83.76,85.39,80.27,83.23,89.22,,2.875,2.91,2.831,2.86,62.07,3.389,7443.28,57.94,4.21,4.6,5.11,2.05,2.35,2.91,120.54,100.99,34.25
2026-07-21,83.48,85.8,82.25,84.91,91.01,,2.842,2.906,2.839,2.865,63.78,3.4059,7509.2,58.5,4.26,4.63,5.13,2.09,2.37,2.91,120.578,101.18,34.08
2026-07-22,84.69,88.61,84.44,86.83,94.07,,2.892,2.951,2.865,2.925,65.31,3.4147,7498.96,59.2,4.31,4.67,5.15,2.11,2.39,2.93,120.574,101.14,35.18
2026-07-23,87.72,93.5,87.32,92.19,100.69,,2.943,2.991,2.906,2.916,68.97,3.4964,7408.3,59.38,4.37,4.71,5.17,2.17,2.43,2.95,120.907,101.43,34.17
2026-07-24,92.55,92.83,87.68,89.31,96.78,,2.915,2.958,2.859,2.871,68,3.3959,7411.98,59.62,4.33,4.69,5.16,2.19,2.43,2.95,120.71,101.47,33.9
2026-07-27,86.12,86.2,81.63,82.61,88.36,,2.82,2.836,2.734,2.767,60.62,3.3273,7413.18,58.36,4.31,4.65,5.12,2.22,2.44,2.95,120.774,101.51,33.74
2026-07-28,82,82.43,77.78,79.26,84.09,,2.741,2.761,2.635,2.662,57.15,3.3345,7428.78,57.57,4.26,4.61,5.09,2.19,2.41,2.92,120.625,101.38,33.48
2026-07-29,80.04,85.57,79.92,84.46,90.74,,2.632,2.771,2.62,2.725,67.59,3.3978,7316.15,58.65,4.22,4.67,5.2,2.13,2.41,2.98,120.789,100.8,33.44
2026-07-30,84.65,85.94,82.97,83.59,89.03,,2.732,2.776,2.68,2.758,63.44,3.2847,7437.63,58.96,4.23,4.68,5.21,2.14,2.41,2.98,119.675,100.01,33.67
2026-07-31,83.92,86.87,81.06,84.67,90.12,,2.746,2.802,2.712,2.747,63.04,3.2216,7489.72,59.55,4.28,4.75,5.27,2.19,2.47,3.03,119.703,99.8,33.75
2026-08-03,80.1,81.3,78.43,80.34,83.77,,2.745,2.81,2.71,2.781,57.2,2.9667,7600.5,58.79,4.25,4.7,5.23,2.17,2.43,2.99,120.774,99.96,33.66
2026-08-04,80.1,82.33,75.11,75.77,79.36,,2.774,2.786,2.659,2.682,53.45,2.8522,7736.52,58.52,4.2,4.63,5.18,2.14,2.4,2.96,119.598,99.89,33.89
2026-08-05,75.17,76.7,74.24,75.22,79.45,,2.687,2.708,2.66,2.688,51.48,2.8388,7723.55,57.31,4.18,4.63,5.17,2.15,2.41,2.96,119.388,99.69,33.99
2026-08-06,75.14,78.51,74.57,77.29,82.49,,2.671,2.702,2.616,2.64,57.34,2.9385,7709.96,58.16,4.25,4.69,5.22,2.17,2.43,2.98,119.511,99.97,34.1
2026-08-07,78.17,78.77,76.53,78.18,83.55,,2.633,2.69,2.617,2.662,55.8,2.9853,7757.64,57.5,4.19,4.65,5.19,2.13,2.4,2.96,119.065,99.6,34.52
2026-08-10,78.42,82.38,77.79,82.13,87.72,,2.709,2.806,2.702,2.794,56.06,3.1354,7753.11,60.18,,,,,,,,99.81,34.21
2026-08-11,82.35,84.61,81.48,81.8,87.24,,2.778,2.819,2.745,2.791,,2.8494,7757.06,60.3025,,,,,,,,99.799,
